accepted,achieved_fdr,method,null_accepted,null_proposals,seed
2,0.0,RawP,0,10,0
2,0.0,BH,0,10,0
1,0.0,BY,0,10,0
3,0.3333333333333333,RawP,1,10,1
2,0.0,BH,0,10,1
1,0.0,BY,0,10,1
3,0.3333333333333333,RawP,1,10,2
2,0.0,BH,0,10,2
1,0.0,BY,0,10,2
3,0.3333333333333333,RawP,1,10,3
2,0.0,BH,0,10,3
1,0.0,BY,0,10,3
2,0.0,RawP,0,10,4
2,0.0,BH,0,10,4
1,0.0,BY,0,10,4
2,0.0,RawP,0,10,5
2,0.0,BH,0,10,5
1,0.0,BY,0,10,5
2,0.0,RawP,0,10,6
2,0.0,BH,0,10,6
1,0.0,BY,0,10,6
2,0.0,RawP,0,10,7
2,0.0,BH,0,10,7
1,0.0,BY,0,10,7
3,0.3333333333333333,RawP,1,10,8
2,0.0,BH,0,10,8
1,0.0,BY,0,10,8
3,0.3333333333333333,RawP,1,10,9
2,0.0,BH,0,10,9
1,0.0,BY,0,10,9
2,0.0,RawP,0,10,10
2,0.0,BH,0,10,10
1,0.0,BY,0,10,10
2,0.0,RawP,0,10,11
2,0.0,BH,0,10,11
1,0.0,BY,0,10,11
2,0.0,RawP,0,10,12
2,0.0,BH,0,10,12
1,0.0,BY,0,10,12
3,0.3333333333333333,RawP,1,10,13
3,0.3333333333333333,BH,1,10,13
3,0.3333333333333333,BY,1,10,13
4,0.5,RawP,2,10,14
2,0.0,BH,0,10,14
1,0.0,BY,0,10,14
2,0.0,RawP,0,10,15
2,0.0,BH,0,10,15
1,0.0,BY,0,10,15
2,0.0,RawP,0,10,16
2,0.0,BH,0,10,16
1,0.0,BY,0,10,16
3,0.3333333333333333,RawP,1,10,17
2,0.0,BH,0,10,17
1,0.0,BY,0,10,17
2,0.0,RawP,0,10,18
2,0.0,BH,0,10,18
1,0.0,BY,0,10,18
2,0.0,RawP,0,10,19
2,0.0,BH,0,10,19
1,0.0,BY,0,10,19
3,0.3333333333333333,RawP,1,10,20
2,0.0,BH,0,10,20
1,0.0,BY,0,10,20
2,0.0,RawP,0,10,21
2,0.0,BH,0,10,21
1,0.0,BY,0,10,21
3,0.3333333333333333,RawP,1,10,22
2,0.0,BH,0,10,22
1,0.0,BY,0,10,22
3,0.3333333333333333,RawP,1,10,23
3,0.3333333333333333,BH,1,10,23
1,0.0,BY,0,10,23
3,0.3333333333333333,RawP,1,10,24
3,0.3333333333333333,BH,1,10,24
1,0.0,BY,0,10,24
2,0.0,RawP,0,10,25
2,0.0,BH,0,10,25
1,0.0,BY,0,10,25
2,0.0,RawP,0,10,26
2,0.0,BH,0,10,26
1,0.0,BY,0,10,26
2,0.0,RawP,0,10,27
2,0.0,BH,0,10,27
1,0.0,BY,0,10,27
3,0.3333333333333333,RawP,1,10,28
2,0.0,BH,0,10,28
1,0.0,BY,0,10,28
3,0.3333333333333333,RawP,1,10,29
2,0.0,BH,0,10,29
1,0.0,BY,0,10,29
3,0.3333333333333333,RawP,1,10,30
3,0.3333333333333333,BH,1,10,30
3,0.3333333333333333,BY,1,10,30
2,0.0,RawP,0,10,31
2,0.0,BH,0,10,31
1,0.0,BY,0,10,31
2,0.0,RawP,0,10,32
2,0.0,BH,0,10,32
1,0.0,BY,0,10,32
2,0.0,RawP,0,10,33
2,0.0,BH,0,10,33
1,0.0,BY,0,10,33
2,0.0,RawP,0,10,34
2,0.0,BH,0,10,34
1,0.0,BY,0,10,34
2,0.0,RawP,0,10,35
2,0.0,BH,0,10,35
1,0.0,BY,0,10,35
2,0.0,RawP,0,10,36
2,0.0,BH,0,10,36
1,0.0,BY,0,10,36
2,0.0,RawP,0,10,37
2,0.0,BH,0,10,37
1,0.0,BY,0,10,37
3,0.3333333333333333,RawP,1,10,38
2,0.0,BH,0,10,38
1,0.0,BY,0,10,38
2,0.0,RawP,0,10,39
2,0.0,BH,0,10,39
1,0.0,BY,0,10,39
2,0.0,RawP,0,10,40
2,0.0,BH,0,10,40
1,0.0,BY,0,10,40
2,0.0,RawP,0,10,41
2,0.0,BH,0,10,41
1,0.0,BY,0,10,41
3,0.3333333333333333,RawP,1,10,42
2,0.0,BH,0,10,42
1,0.0,BY,0,10,42
3,0.3333333333333333,RawP,1,10,43
2,0.0,BH,0,10,43
1,0.0,BY,0,10,43
3,0.3333333333333333,RawP,1,10,44
2,0.0,BH,0,10,44
1,0.0,BY,0,10,44
3,0.3333333333333333,RawP,1,10,45
2,0.0,BH,0,10,45
1,0.0,BY,0,10,45
3,0.3333333333333333,RawP,1,10,46
2,0.0,BH,0,10,46
1,0.0,BY,0,10,46
3,0.3333333333333333,RawP,1,10,47
3,0.3333333333333333,BH,1,10,47
1,0.0,BY,0,10,47
2,0.0,RawP,0,10,48
2,0.0,BH,0,10,48
1,0.0,BY,0,10,48
3,0.3333333333333333,RawP,1,10,49
3,0.3333333333333333,BH,1,10,49
1,0.0,BY,0,10,49
2,0.0,RawP,0,10,50
2,0.0,BH,0,10,50
1,0.0,BY,0,10,50
2,0.0,RawP,0,10,51
2,0.0,BH,0,10,51
1,0.0,BY,0,10,51
2,0.0,RawP,0,10,52
2,0.0,BH,0,10,52
1,0.0,BY,0,10,52
2,0.0,RawP,0,10,53
2,0.0,BH,0,10,53
1,0.0,BY,0,10,53
2,0.0,RawP,0,10,54
2,0.0,BH,0,10,54
1,0.0,BY,0,10,54
3,0.3333333333333333,RawP,1,10,55
3,0.3333333333333333,BH,1,10,55
1,0.0,BY,0,10,55
2,0.0,RawP,0,10,56
2,0.0,BH,0,10,56
1,0.0,BY,0,10,56
2,0.0,RawP,0,10,57
2,0.0,BH,0,10,57
1,0.0,BY,0,10,57
2,0.0,RawP,0,10,58
2,0.0,BH,0,10,58
1,0.0,BY,0,10,58
3,0.3333333333333333,RawP,1,10,59
2,0.0,BH,0,10,59
1,0.0,BY,0,10,59
3,0.3333333333333333,RawP,1,10,60
2,0.0,BH,0,10,60
1,0.0,BY,0,10,60
3,0.3333333333333333,RawP,1,10,61
2,0.0,BH,0,10,61
1,0.0,BY,0,10,61
2,0.0,RawP,0,10,62
2,0.0,BH,0,10,62
1,0.0,BY,0,10,62
3,0.3333333333333333,RawP,1,10,63
2,0.0,BH,0,10,63
1,0.0,BY,0,10,63
3,0.3333333333333333,RawP,1,10,64
2,0.0,BH,0,10,64
1,0.0,BY,0,10,64
2,0.0,RawP,0,10,65
2,0.0,BH,0,10,65
1,0.0,BY,0,10,65
2,0.0,RawP,0,10,66
2,0.0,BH,0,10,66
1,0.0,BY,0,10,66
2,0.0,RawP,0,10,67
2,0.0,BH,0,10,67
1,0.0,BY,0,10,67
2,0.0,RawP,0,10,68
2,0.0,BH,0,10,68
1,0.0,BY,0,10,68
2,0.0,RawP,0,10,69
2,0.0,BH,0,10,69
1,0.0,BY,0,10,69
3,0.3333333333333333,RawP,1,10,70
2,0.0,BH,0,10,70
1,0.0,BY,0,10,70
3,0.3333333333333333,RawP,1,10,71
3,0.3333333333333333,BH,1,10,71
1,0.0,BY,0,10,71
3,0.3333333333333333,RawP,1,10,72
2,0.0,BH,0,10,72
1,0.0,BY,0,10,72
3,0.3333333333333333,RawP,1,10,73
2,0.0,BH,0,10,73
1,0.0,BY,0,10,73
3,0.3333333333333333,RawP,1,10,74
2,0.0,BH,0,10,74
1,0.0,BY,0,10,74
2,0.0,RawP,0,10,75
2,0.0,BH,0,10,75
1,0.0,BY,0,10,75
2,0.0,RawP,0,10,76
2,0.0,BH,0,10,76
1,0.0,BY,0,10,76
2,0.0,RawP,0,10,77
2,0.0,BH,0,10,77
1,0.0,BY,0,10,77
2,0.0,RawP,0,10,78
2,0.0,BH,0,10,78
1,0.0,BY,0,10,78
2,0.0,RawP,0,10,79
2,0.0,BH,0,10,79
1,0.0,BY,0,10,79
2,0.0,RawP,0,10,80
2,0.0,BH,0,10,80
1,0.0,BY,0,10,80
3,0.3333333333333333,RawP,1,10,81
2,0.0,BH,0,10,81
1,0.0,BY,0,10,81
3,0.3333333333333333,RawP,1,10,82
3,0.3333333333333333,BH,1,10,82
1,0.0,BY,0,10,82
2,0.0,RawP,0,10,83
2,0.0,BH,0,10,83
1,0.0,BY,0,10,83
4,0.5,RawP,2,10,84
3,0.3333333333333333,BH,1,10,84
3,0.3333333333333333,BY,1,10,84
3,0.3333333333333333,RawP,1,10,85
2,0.0,BH,0,10,85
1,0.0,BY,0,10,85
2,0.0,RawP,0,10,86
2,0.0,BH,0,10,86
1,0.0,BY,0,10,86
3,0.3333333333333333,RawP,1,10,87
2,0.0,BH,0,10,87
1,0.0,BY,0,10,87
2,0.0,RawP,0,10,88
2,0.0,BH,0,10,88
1,0.0,BY,0,10,88
3,0.3333333333333333,RawP,1,10,89
2,0.0,BH,0,10,89
1,0.0,BY,0,10,89
3,0.3333333333333333,RawP,1,10,90
2,0.0,BH,0,10,90
1,0.0,BY,0,10,90
2,0.0,RawP,0,10,91
2,0.0,BH,0,10,91
1,0.0,BY,0,10,91
3,0.3333333333333333,RawP,1,10,92
2,0.0,BH,0,10,92
1,0.0,BY,0,10,92
2,0.0,RawP,0,10,93
2,0.0,BH,0,10,93
1,0.0,BY,0,10,93
2,0.0,RawP,0,10,94
2,0.0,BH,0,10,94
1,0.0,BY,0,10,94
2,0.0,RawP,0,10,95
2,0.0,BH,0,10,95
1,0.0,BY,0,10,95
2,0.0,RawP,0,10,96
2,0.0,BH,0,10,96
1,0.0,BY,0,10,96
4,0.5,RawP,2,10,97
2,0.0,BH,0,10,97
1,0.0,BY,0,10,97
4,0.5,RawP,2,10,98
2,0.0,BH,0,10,98
1,0.0,BY,0,10,98
2,0.0,RawP,0,10,99
2,0.0,BH,0,10,99
1,0.0,BY,0,10,99
3,0.3333333333333333,RawP,1,10,100
2,0.0,BH,0,10,100
1,0.0,BY,0,10,100
2,0.0,RawP,0,10,101
2,0.0,BH,0,10,101
1,0.0,BY,0,10,101
2,0.0,RawP,0,10,102
2,0.0,BH,0,10,102
1,0.0,BY,0,10,102
3,0.3333333333333333,RawP,1,10,103
2,0.0,BH,0,10,103
1,0.0,BY,0,10,103
2,0.0,RawP,0,10,104
2,0.0,BH,0,10,104
1,0.0,BY,0,10,104
3,0.3333333333333333,RawP,1,10,105
2,0.0,BH,0,10,105
1,0.0,BY,0,10,105
2,0.0,RawP,0,10,106
2,0.0,BH,0,10,106
1,0.0,BY,0,10,106
3,0.3333333333333333,RawP,1,10,107
3,0.3333333333333333,BH,1,10,107
1,0.0,BY,0,10,107
3,0.3333333333333333,RawP,1,10,108
2,0.0,BH,0,10,108
1,0.0,BY,0,10,108
3,0.3333333333333333,RawP,1,10,109
2,0.0,BH,0,10,109
1,0.0,BY,0,10,109
2,0.0,RawP,0,10,110
2,0.0,BH,0,10,110
1,0.0,BY,0,10,110
2,0.0,RawP,0,10,111
2,0.0,BH,0,10,111
1,0.0,BY,0,10,111
2,0.0,RawP,0,10,112
2,0.0,BH,0,10,112
1,0.0,BY,0,10,112
2,0.0,RawP,0,10,113
2,0.0,BH,0,10,113
1,0.0,BY,0,10,113
3,0.3333333333333333,RawP,1,10,114
2,0.0,BH,0,10,114
1,0.0,BY,0,10,114
2,0.0,RawP,0,10,115
2,0.0,BH,0,10,115
1,0.0,BY,0,10,115
2,0.0,RawP,0,10,116
2,0.0,BH,0,10,116
1,0.0,BY,0,10,116
2,0.0,RawP,0,10,117
2,0.0,BH,0,10,117
1,0.0,BY,0,10,117
2,0.0,RawP,0,10,118
2,0.0,BH,0,10,118
1,0.0,BY,0,10,118
2,0.0,RawP,0,10,119
2,0.0,BH,0,10,119
1,0.0,BY,0,10,119
2,0.0,RawP,0,10,120
2,0.0,BH,0,10,120
1,0.0,BY,0,10,120
3,0.3333333333333333,RawP,1,10,121
3,0.3333333333333333,BH,1,10,121
3,0.3333333333333333,BY,1,10,121
3,0.3333333333333333,RawP,1,10,122
2,0.0,BH,0,10,122
1,0.0,BY,0,10,122
2,0.0,RawP,0,10,123
2,0.0,BH,0,10,123
1,0.0,BY,0,10,123
3,0.3333333333333333,RawP,1,10,124
3,0.3333333333333333,BH,1,10,124
3,0.3333333333333333,BY,1,10,124
2,0.0,RawP,0,10,125
2,0.0,BH,0,10,125
1,0.0,BY,0,10,125
3,0.3333333333333333,RawP,1,10,126
2,0.0,BH,0,10,126
1,0.0,BY,0,10,126
3,0.3333333333333333,RawP,1,10,127
2,0.0,BH,0,10,127
1,0.0,BY,0,10,127
2,0.0,RawP,0,10,128
2,0.0,BH,0,10,128
1,0.0,BY,0,10,128
3,0.3333333333333333,RawP,1,10,129
3,0.3333333333333333,BH,1,10,129
1,0.0,BY,0,10,129
2,0.0,RawP,0,10,130
2,0.0,BH,0,10,130
1,0.0,BY,0,10,130
3,0.3333333333333333,RawP,1,10,131
2,0.0,BH,0,10,131
1,0.0,BY,0,10,131
2,0.0,RawP,0,10,132
2,0.0,BH,0,10,132
1,0.0,BY,0,10,132
3,0.3333333333333333,RawP,1,10,133
2,0.0,BH,0,10,133
1,0.0,BY,0,10,133
2,0.0,RawP,0,10,134
2,0.0,BH,0,10,134
1,0.0,BY,0,10,134
4,0.5,RawP,2,10,135
2,0.0,BH,0,10,135
1,0.0,BY,0,10,135
4,0.5,RawP,2,10,136
3,0.3333333333333333,BH,1,10,136
3,0.3333333333333333,BY,1,10,136
3,0.3333333333333333,RawP,1,10,137
2,0.0,BH,0,10,137
1,0.0,BY,0,10,137
2,0.0,RawP,0,10,138
2,0.0,BH,0,10,138
1,0.0,BY,0,10,138
2,0.0,RawP,0,10,139
2,0.0,BH,0,10,139
1,0.0,BY,0,10,139
2,0.0,RawP,0,10,140
2,0.0,BH,0,10,140
1,0.0,BY,0,10,140
3,0.3333333333333333,RawP,1,10,141
2,0.0,BH,0,10,141
1,0.0,BY,0,10,141
2,0.0,RawP,0,10,142
2,0.0,BH,0,10,142
1,0.0,BY,0,10,142
2,0.0,RawP,0,10,143
2,0.0,BH,0,10,143
1,0.0,BY,0,10,143
2,0.0,RawP,0,10,144
2,0.0,BH,0,10,144
1,0.0,BY,0,10,144
2,0.0,RawP,0,10,145
2,0.0,BH,0,10,145
1,0.0,BY,0,10,145
2,0.0,RawP,0,10,146
2,0.0,BH,0,10,146
1,0.0,BY,0,10,146
3,0.3333333333333333,RawP,1,10,147
2,0.0,BH,0,10,147
1,0.0,BY,0,10,147
2,0.0,RawP,0,10,148
2,0.0,BH,0,10,148
1,0.0,BY,0,10,148
4,0.5,RawP,2,10,149
4,0.5,BH,2,10,149
1,0.0,BY,0,10,149
2,0.0,RawP,0,10,150
2,0.0,BH,0,10,150
1,0.0,BY,0,10,150
2,0.0,RawP,0,10,151
2,0.0,BH,0,10,151
1,0.0,BY,0,10,151
3,0.3333333333333333,RawP,1,10,152
3,0.3333333333333333,BH,1,10,152
1,0.0,BY,0,10,152
3,0.3333333333333333,RawP,1,10,153
2,0.0,BH,0,10,153
1,0.0,BY,0,10,153
2,0.0,RawP,0,10,154
2,0.0,BH,0,10,154
1,0.0,BY,0,10,154
2,0.0,RawP,0,10,155
2,0.0,BH,0,10,155
1,0.0,BY,0,10,155
2,0.0,RawP,0,10,156
2,0.0,BH,0,10,156
1,0.0,BY,0,10,156
3,0.3333333333333333,RawP,1,10,157
2,0.0,BH,0,10,157
1,0.0,BY,0,10,157
2,0.0,RawP,0,10,158
2,0.0,BH,0,10,158
1,0.0,BY,0,10,158
2,0.0,RawP,0,10,159
2,0.0,BH,0,10,159
1,0.0,BY,0,10,159
2,0.0,RawP,0,10,160
2,0.0,BH,0,10,160
1,0.0,BY,0,10,160
3,0.3333333333333333,RawP,1,10,161
3,0.3333333333333333,BH,1,10,161
1,0.0,BY,0,10,161
2,0.0,RawP,0,10,162
2,0.0,BH,0,10,162
1,0.0,BY,0,10,162
2,0.0,RawP,0,10,163
2,0.0,BH,0,10,163
1,0.0,BY,0,10,163
3,0.3333333333333333,RawP,1,10,164
3,0.3333333333333333,BH,1,10,164
1,0.0,BY,0,10,164
2,0.0,RawP,0,10,165
2,0.0,BH,0,10,165
1,0.0,BY,0,10,165
2,0.0,RawP,0,10,166
2,0.0,BH,0,10,166
1,0.0,BY,0,10,166
2,0.0,RawP,0,10,167
2,0.0,BH,0,10,167
1,0.0,BY,0,10,167
2,0.0,RawP,0,10,168
2,0.0,BH,0,10,168
1,0.0,BY,0,10,168
2,0.0,RawP,0,10,169
2,0.0,BH,0,10,169
1,0.0,BY,0,10,169
2,0.0,RawP,0,10,170
2,0.0,BH,0,10,170
1,0.0,BY,0,10,170
3,0.3333333333333333,RawP,1,10,171
3,0.3333333333333333,BH,1,10,171
1,0.0,BY,0,10,171
2,0.0,RawP,0,10,172
2,0.0,BH,0,10,172
1,0.0,BY,0,10,172
2,0.0,RawP,0,10,173
2,0.0,BH,0,10,173
1,0.0,BY,0,10,173
2,0.0,RawP,0,10,174
2,0.0,BH,0,10,174
1,0.0,BY,0,10,174
3,0.3333333333333333,RawP,1,10,175
2,0.0,BH,0,10,175
1,0.0,BY,0,10,175
2,0.0,RawP,0,10,176
2,0.0,BH,0,10,176
1,0.0,BY,0,10,176
2,0.0,RawP,0,10,177
2,0.0,BH,0,10,177
1,0.0,BY,0,10,177
2,0.0,RawP,0,10,178
2,0.0,BH,0,10,178
1,0.0,BY,0,10,178
4,0.5,RawP,2,10,179
2,0.0,BH,0,10,179
1,0.0,BY,0,10,179
3,0.3333333333333333,RawP,1,10,180
2,0.0,BH,0,10,180
1,0.0,BY,0,10,180
3,0.3333333333333333,RawP,1,10,181
2,0.0,BH,0,10,181
1,0.0,BY,0,10,181
2,0.0,RawP,0,10,182
2,0.0,BH,0,10,182
1,0.0,BY,0,10,182
3,0.3333333333333333,RawP,1,10,183
2,0.0,BH,0,10,183
1,0.0,BY,0,10,183
2,0.0,RawP,0,10,184
2,0.0,BH,0,10,184
1,0.0,BY,0,10,184
4,0.5,RawP,2,10,185
3,0.3333333333333333,BH,1,10,185
1,0.0,BY,0,10,185
3,0.3333333333333333,RawP,1,10,186
2,0.0,BH,0,10,186
1,0.0,BY,0,10,186
2,0.0,RawP,0,10,187
2,0.0,BH,0,10,187
1,0.0,BY,0,10,187
2,0.0,RawP,0,10,188
2,0.0,BH,0,10,188
1,0.0,BY,0,10,188
2,0.0,RawP,0,10,189
2,0.0,BH,0,10,189
1,0.0,BY,0,10,189
2,0.0,RawP,0,10,190
2,0.0,BH,0,10,190
1,0.0,BY,0,10,190
3,0.3333333333333333,RawP,1,10,191
2,0.0,BH,0,10,191
1,0.0,BY,0,10,191
3,0.3333333333333333,RawP,1,10,192
2,0.0,BH,0,10,192
1,0.0,BY,0,10,192
2,0.0,RawP,0,10,193
2,0.0,BH,0,10,193
1,0.0,BY,0,10,193
2,0.0,RawP,0,10,194
2,0.0,BH,0,10,194
1,0.0,BY,0,10,194
3,0.3333333333333333,RawP,1,10,195
2,0.0,BH,0,10,195
1,0.0,BY,0,10,195
3,0.3333333333333333,RawP,1,10,196
2,0.0,BH,0,10,196
1,0.0,BY,0,10,196
2,0.0,RawP,0,10,197
2,0.0,BH,0,10,197
1,0.0,BY,0,10,197
2,0.0,RawP,0,10,198
2,0.0,BH,0,10,198
1,0.0,BY,0,10,198
2,0.0,RawP,0,10,199
2,0.0,BH,0,10,199
1,0.0,BY,0,10,199
4,0.5,RawP,2,30,0
2,0.0,BH,0,30,0
0,0.0,BY,0,30,0
2,0.0,RawP,0,30,1
2,0.0,BH,0,30,1
0,0.0,BY,0,30,1
5,0.6,RawP,3,30,2
2,0.0,BH,0,30,2
0,0.0,BY,0,30,2
6,0.6666666666666666,RawP,4,30,3
2,0.0,BH,0,30,3
0,0.0,BY,0,30,3
3,0.3333333333333333,RawP,1,30,4
2,0.0,BH,0,30,4
0,0.0,BY,0,30,4
4,0.5,RawP,2,30,5
2,0.0,BH,0,30,5
0,0.0,BY,0,30,5
4,0.5,RawP,2,30,6
2,0.0,BH,0,30,6
0,0.0,BY,0,30,6
3,0.3333333333333333,RawP,1,30,7
2,0.0,BH,0,30,7
0,0.0,BY,0,30,7
2,0.0,RawP,0,30,8
2,0.0,BH,0,30,8
0,0.0,BY,0,30,8
4,0.5,RawP,2,30,9
2,0.0,BH,0,30,9
0,0.0,BY,0,30,9
4,0.5,RawP,2,30,10
2,0.0,BH,0,30,10
0,0.0,BY,0,30,10
3,0.3333333333333333,RawP,1,30,11
2,0.0,BH,0,30,11
0,0.0,BY,0,30,11
3,0.3333333333333333,RawP,1,30,12
2,0.0,BH,0,30,12
0,0.0,BY,0,30,12
4,0.5,RawP,2,30,13
2,0.0,BH,0,30,13
0,0.0,BY,0,30,13
3,0.3333333333333333,RawP,1,30,14
2,0.0,BH,0,30,14
0,0.0,BY,0,30,14
3,0.3333333333333333,RawP,1,30,15
2,0.0,BH,0,30,15
0,0.0,BY,0,30,15
5,0.6,RawP,3,30,16
2,0.0,BH,0,30,16
0,0.0,BY,0,30,16
4,0.5,RawP,2,30,17
2,0.0,BH,0,30,17
0,0.0,BY,0,30,17
2,0.0,RawP,0,30,18
2,0.0,BH,0,30,18
0,0.0,BY,0,30,18
3,0.3333333333333333,RawP,1,30,19
2,0.0,BH,0,30,19
0,0.0,BY,0,30,19
3,0.3333333333333333,RawP,1,30,20
2,0.0,BH,0,30,20
0,0.0,BY,0,30,20
4,0.5,RawP,2,30,21
2,0.0,BH,0,30,21
0,0.0,BY,0,30,21
3,0.3333333333333333,RawP,1,30,22
2,0.0,BH,0,30,22
0,0.0,BY,0,30,22
3,0.3333333333333333,RawP,1,30,23
2,0.0,BH,0,30,23
0,0.0,BY,0,30,23
2,0.0,RawP,0,30,24
2,0.0,BH,0,30,24
0,0.0,BY,0,30,24
3,0.3333333333333333,RawP,1,30,25
3,0.3333333333333333,BH,1,30,25
0,0.0,BY,0,30,25
2,0.0,RawP,0,30,26
2,0.0,BH,0,30,26
0,0.0,BY,0,30,26
3,0.3333333333333333,RawP,1,30,27
3,0.3333333333333333,BH,1,30,27
0,0.0,BY,0,30,27
5,0.6,RawP,3,30,28
2,0.0,BH,0,30,28
0,0.0,BY,0,30,28
4,0.5,RawP,2,30,29
2,0.0,BH,0,30,29
0,0.0,BY,0,30,29
3,0.3333333333333333,RawP,1,30,30
2,0.0,BH,0,30,30
0,0.0,BY,0,30,30
6,0.6666666666666666,RawP,4,30,31
2,0.0,BH,0,30,31
0,0.0,BY,0,30,31
4,0.5,RawP,2,30,32
2,0.0,BH,0,30,32
0,0.0,BY,0,30,32
4,0.5,RawP,2,30,33
2,0.0,BH,0,30,33
0,0.0,BY,0,30,33
5,0.6,RawP,3,30,34
2,0.0,BH,0,30,34
0,0.0,BY,0,30,34
4,0.5,RawP,2,30,35
2,0.0,BH,0,30,35
0,0.0,BY,0,30,35
3,0.3333333333333333,RawP,1,30,36
2,0.0,BH,0,30,36
0,0.0,BY,0,30,36
5,0.6,RawP,3,30,37
3,0.3333333333333333,BH,1,30,37
1,1.0,BY,1,30,37
5,0.6,RawP,3,30,38
2,0.0,BH,0,30,38
0,0.0,BY,0,30,38
4,0.5,RawP,2,30,39
2,0.0,BH,0,30,39
0,0.0,BY,0,30,39
4,0.5,RawP,2,30,40
2,0.0,BH,0,30,40
0,0.0,BY,0,30,40
2,0.0,RawP,0,30,41
2,0.0,BH,0,30,41
0,0.0,BY,0,30,41
3,0.3333333333333333,RawP,1,30,42
2,0.0,BH,0,30,42
0,0.0,BY,0,30,42
4,0.5,RawP,2,30,43
2,0.0,BH,0,30,43
0,0.0,BY,0,30,43
3,0.3333333333333333,RawP,1,30,44
2,0.0,BH,0,30,44
0,0.0,BY,0,30,44
2,0.0,RawP,0,30,45
2,0.0,BH,0,30,45
0,0.0,BY,0,30,45
4,0.5,RawP,2,30,46
2,0.0,BH,0,30,46
0,0.0,BY,0,30,46
4,0.5,RawP,2,30,47
2,0.0,BH,0,30,47
0,0.0,BY,0,30,47
2,0.0,RawP,0,30,48
2,0.0,BH,0,30,48
0,0.0,BY,0,30,48
2,0.0,RawP,0,30,49
2,0.0,BH,0,30,49
0,0.0,BY,0,30,49
3,0.3333333333333333,RawP,1,30,50
2,0.0,BH,0,30,50
0,0.0,BY,0,30,50
5,0.6,RawP,3,30,51
4,0.5,BH,2,30,51
0,0.0,BY,0,30,51
6,0.6666666666666666,RawP,4,30,52
2,0.0,BH,0,30,52
0,0.0,BY,0,30,52
6,0.6666666666666666,RawP,4,30,53
5,0.6,BH,3,30,53
3,0.6666666666666666,BY,2,30,53
5,0.6,RawP,3,30,54
3,0.3333333333333333,BH,1,30,54
0,0.0,BY,0,30,54
4,0.5,RawP,2,30,55
3,0.3333333333333333,BH,1,30,55
0,0.0,BY,0,30,55
2,0.0,RawP,0,30,56
2,0.0,BH,0,30,56
0,0.0,BY,0,30,56
4,0.5,RawP,2,30,57
2,0.0,BH,0,30,57
0,0.0,BY,0,30,57
3,0.3333333333333333,RawP,1,30,58
2,0.0,BH,0,30,58
0,0.0,BY,0,30,58
3,0.3333333333333333,RawP,1,30,59
2,0.0,BH,0,30,59
0,0.0,BY,0,30,59
2,0.0,RawP,0,30,60
2,0.0,BH,0,30,60
0,0.0,BY,0,30,60
2,0.0,RawP,0,30,61
2,0.0,BH,0,30,61
0,0.0,BY,0,30,61
3,0.3333333333333333,RawP,1,30,62
2,0.0,BH,0,30,62
0,0.0,BY,0,30,62
4,0.5,RawP,2,30,63
2,0.0,BH,0,30,63
0,0.0,BY,0,30,63
3,0.3333333333333333,RawP,1,30,64
2,0.0,BH,0,30,64
0,0.0,BY,0,30,64
2,0.0,RawP,0,30,65
2,0.0,BH,0,30,65
0,0.0,BY,0,30,65
5,0.6,RawP,3,30,66
2,0.0,BH,0,30,66
0,0.0,BY,0,30,66
2,0.0,RawP,0,30,67
2,0.0,BH,0,30,67
0,0.0,BY,0,30,67
4,0.5,RawP,2,30,68
2,0.0,BH,0,30,68
0,0.0,BY,0,30,68
3,0.3333333333333333,RawP,1,30,69
2,0.0,BH,0,30,69
0,0.0,BY,0,30,69
4,0.5,RawP,2,30,70
2,0.0,BH,0,30,70
0,0.0,BY,0,30,70
3,0.3333333333333333,RawP,1,30,71
3,0.3333333333333333,BH,1,30,71
0,0.0,BY,0,30,71
3,0.3333333333333333,RawP,1,30,72
2,0.0,BH,0,30,72
0,0.0,BY,0,30,72
4,0.5,RawP,2,30,73
2,0.0,BH,0,30,73
0,0.0,BY,0,30,73
3,0.3333333333333333,RawP,1,30,74
2,0.0,BH,0,30,74
0,0.0,BY,0,30,74
5,0.6,RawP,3,30,75
2,0.0,BH,0,30,75
0,0.0,BY,0,30,75
3,0.3333333333333333,RawP,1,30,76
2,0.0,BH,0,30,76
0,0.0,BY,0,30,76
3,0.3333333333333333,RawP,1,30,77
2,0.0,BH,0,30,77
0,0.0,BY,0,30,77
4,0.5,RawP,2,30,78
3,0.3333333333333333,BH,1,30,78
0,0.0,BY,0,30,78
3,0.3333333333333333,RawP,1,30,79
2,0.0,BH,0,30,79
0,0.0,BY,0,30,79
5,0.6,RawP,3,30,80
2,0.0,BH,0,30,80
0,0.0,BY,0,30,80
2,0.0,RawP,0,30,81
2,0.0,BH,0,30,81
0,0.0,BY,0,30,81
2,0.0,RawP,0,30,82
2,0.0,BH,0,30,82
0,0.0,BY,0,30,82
5,0.6,RawP,3,30,83
2,0.0,BH,0,30,83
0,0.0,BY,0,30,83
6,0.6666666666666666,RawP,4,30,84
3,0.3333333333333333,BH,1,30,84
0,0.0,BY,0,30,84
3,0.3333333333333333,RawP,1,30,85
2,0.0,BH,0,30,85
0,0.0,BY,0,30,85
5,0.6,RawP,3,30,86
2,0.0,BH,0,30,86
0,0.0,BY,0,30,86
4,0.5,RawP,2,30,87
2,0.0,BH,0,30,87
0,0.0,BY,0,30,87
4,0.5,RawP,2,30,88
2,0.0,BH,0,30,88
0,0.0,BY,0,30,88
2,0.0,RawP,0,30,89
2,0.0,BH,0,30,89
0,0.0,BY,0,30,89
4,0.5,RawP,2,30,90
3,0.3333333333333333,BH,1,30,90
0,0.0,BY,0,30,90
5,0.6,RawP,3,30,91
2,0.0,BH,0,30,91
0,0.0,BY,0,30,91
2,0.0,RawP,0,30,92
2,0.0,BH,0,30,92
0,0.0,BY,0,30,92
3,0.3333333333333333,RawP,1,30,93
2,0.0,BH,0,30,93
0,0.0,BY,0,30,93
5,0.6,RawP,3,30,94
2,0.0,BH,0,30,94
0,0.0,BY,0,30,94
4,0.5,RawP,2,30,95
2,0.0,BH,0,30,95
0,0.0,BY,0,30,95
2,0.0,RawP,0,30,96
2,0.0,BH,0,30,96
0,0.0,BY,0,30,96
3,0.3333333333333333,RawP,1,30,97
2,0.0,BH,0,30,97
0,0.0,BY,0,30,97
4,0.5,RawP,2,30,98
2,0.0,BH,0,30,98
0,0.0,BY,0,30,98
2,0.0,RawP,0,30,99
2,0.0,BH,0,30,99
0,0.0,BY,0,30,99
3,0.3333333333333333,RawP,1,30,100
2,0.0,BH,0,30,100
0,0.0,BY,0,30,100
5,0.6,RawP,3,30,101
2,0.0,BH,0,30,101
0,0.0,BY,0,30,101
2,0.0,RawP,0,30,102
2,0.0,BH,0,30,102
0,0.0,BY,0,30,102
2,0.0,RawP,0,30,103
2,0.0,BH,0,30,103
0,0.0,BY,0,30,103
4,0.5,RawP,2,30,104
2,0.0,BH,0,30,104
0,0.0,BY,0,30,104
3,0.3333333333333333,RawP,1,30,105
2,0.0,BH,0,30,105
0,0.0,BY,0,30,105
2,0.0,RawP,0,30,106
2,0.0,BH,0,30,106
0,0.0,BY,0,30,106
3,0.3333333333333333,RawP,1,30,107
2,0.0,BH,0,30,107
0,0.0,BY,0,30,107
3,0.3333333333333333,RawP,1,30,108
2,0.0,BH,0,30,108
0,0.0,BY,0,30,108
6,0.6666666666666666,RawP,4,30,109
3,0.3333333333333333,BH,1,30,109
0,0.0,BY,0,30,109
4,0.5,RawP,2,30,110
3,0.3333333333333333,BH,1,30,110
0,0.0,BY,0,30,110
4,0.5,RawP,2,30,111
2,0.0,BH,0,30,111
0,0.0,BY,0,30,111
4,0.5,RawP,2,30,112
2,0.0,BH,0,30,112
0,0.0,BY,0,30,112
3,0.3333333333333333,RawP,1,30,113
3,0.3333333333333333,BH,1,30,113
0,0.0,BY,0,30,113
6,0.6666666666666666,RawP,4,30,114
3,0.3333333333333333,BH,1,30,114
0,0.0,BY,0,30,114
6,0.6666666666666666,RawP,4,30,115
2,0.0,BH,0,30,115
0,0.0,BY,0,30,115
6,0.6666666666666666,RawP,4,30,116
2,0.0,BH,0,30,116
0,0.0,BY,0,30,116
3,0.3333333333333333,RawP,1,30,117
2,0.0,BH,0,30,117
0,0.0,BY,0,30,117
5,0.6,RawP,3,30,118
3,0.3333333333333333,BH,1,30,118
0,0.0,BY,0,30,118
3,0.3333333333333333,RawP,1,30,119
2,0.0,BH,0,30,119
0,0.0,BY,0,30,119
5,0.6,RawP,3,30,120
3,0.3333333333333333,BH,1,30,120
0,0.0,BY,0,30,120
5,0.6,RawP,3,30,121
2,0.0,BH,0,30,121
0,0.0,BY,0,30,121
3,0.3333333333333333,RawP,1,30,122
2,0.0,BH,0,30,122
0,0.0,BY,0,30,122
3,0.3333333333333333,RawP,1,30,123
2,0.0,BH,0,30,123
0,0.0,BY,0,30,123
2,0.0,RawP,0,30,124
2,0.0,BH,0,30,124
0,0.0,BY,0,30,124
4,0.5,RawP,2,30,125
2,0.0,BH,0,30,125
0,0.0,BY,0,30,125
4,0.5,RawP,2,30,126
2,0.0,BH,0,30,126
0,0.0,BY,0,30,126
4,0.5,RawP,2,30,127
3,0.3333333333333333,BH,1,30,127
0,0.0,BY,0,30,127
2,0.0,RawP,0,30,128
2,0.0,BH,0,30,128
0,0.0,BY,0,30,128
3,0.3333333333333333,RawP,1,30,129
2,0.0,BH,0,30,129
0,0.0,BY,0,30,129
2,0.0,RawP,0,30,130
2,0.0,BH,0,30,130
0,0.0,BY,0,30,130
2,0.0,RawP,0,30,131
2,0.0,BH,0,30,131
0,0.0,BY,0,30,131
6,0.6666666666666666,RawP,4,30,132
2,0.0,BH,0,30,132
0,0.0,BY,0,30,132
3,0.3333333333333333,RawP,1,30,133
2,0.0,BH,0,30,133
0,0.0,BY,0,30,133
2,0.0,RawP,0,30,134
2,0.0,BH,0,30,134
0,0.0,BY,0,30,134
3,0.3333333333333333,RawP,1,30,135
2,0.0,BH,0,30,135
0,0.0,BY,0,30,135
2,0.0,RawP,0,30,136
2,0.0,BH,0,30,136
0,0.0,BY,0,30,136
3,0.3333333333333333,RawP,1,30,137
2,0.0,BH,0,30,137
0,0.0,BY,0,30,137
4,0.5,RawP,2,30,138
2,0.0,BH,0,30,138
0,0.0,BY,0,30,138
3,0.3333333333333333,RawP,1,30,139
2,0.0,BH,0,30,139
0,0.0,BY,0,30,139
5,0.6,RawP,3,30,140
2,0.0,BH,0,30,140
0,0.0,BY,0,30,140
3,0.3333333333333333,RawP,1,30,141
2,0.0,BH,0,30,141
0,0.0,BY,0,30,141
5,0.6,RawP,3,30,142
2,0.0,BH,0,30,142
0,0.0,BY,0,30,142
3,0.3333333333333333,RawP,1,30,143
2,0.0,BH,0,30,143
0,0.0,BY,0,30,143
2,0.0,RawP,0,30,144
2,0.0,BH,0,30,144
0,0.0,BY,0,30,144
6,0.6666666666666666,RawP,4,30,145
3,0.3333333333333333,BH,1,30,145
0,0.0,BY,0,30,145
2,0.0,RawP,0,30,146
2,0.0,BH,0,30,146
0,0.0,BY,0,30,146
5,0.6,RawP,3,30,147
2,0.0,BH,0,30,147
0,0.0,BY,0,30,147
4,0.5,RawP,2,30,148
2,0.0,BH,0,30,148
0,0.0,BY,0,30,148
3,0.3333333333333333,RawP,1,30,149
2,0.0,BH,0,30,149
0,0.0,BY,0,30,149
4,0.5,RawP,2,30,150
3,0.3333333333333333,BH,1,30,150
0,0.0,BY,0,30,150
4,0.5,RawP,2,30,151
3,0.3333333333333333,BH,1,30,151
0,0.0,BY,0,30,151
5,0.6,RawP,3,30,152
2,0.0,BH,0,30,152
0,0.0,BY,0,30,152
2,0.0,RawP,0,30,153
2,0.0,BH,0,30,153
0,0.0,BY,0,30,153
5,0.6,RawP,3,30,154
2,0.0,BH,0,30,154
0,0.0,BY,0,30,154
5,0.6,RawP,3,30,155
2,0.0,BH,0,30,155
0,0.0,BY,0,30,155
4,0.5,RawP,2,30,156
2,0.0,BH,0,30,156
0,0.0,BY,0,30,156
4,0.5,RawP,2,30,157
2,0.0,BH,0,30,157
0,0.0,BY,0,30,157
3,0.3333333333333333,RawP,1,30,158
2,0.0,BH,0,30,158
0,0.0,BY,0,30,158
3,0.3333333333333333,RawP,1,30,159
2,0.0,BH,0,30,159
0,0.0,BY,0,30,159
8,0.75,RawP,6,30,160
2,0.0,BH,0,30,160
0,0.0,BY,0,30,160
3,0.3333333333333333,RawP,1,30,161
2,0.0,BH,0,30,161
0,0.0,BY,0,30,161
4,0.5,RawP,2,30,162
2,0.0,BH,0,30,162
0,0.0,BY,0,30,162
4,0.5,RawP,2,30,163
2,0.0,BH,0,30,163
0,0.0,BY,0,30,163
5,0.6,RawP,3,30,164
3,0.3333333333333333,BH,1,30,164
0,0.0,BY,0,30,164
4,0.5,RawP,2,30,165
2,0.0,BH,0,30,165
0,0.0,BY,0,30,165
2,0.0,RawP,0,30,166
2,0.0,BH,0,30,166
0,0.0,BY,0,30,166
5,0.6,RawP,3,30,167
3,0.3333333333333333,BH,1,30,167
0,0.0,BY,0,30,167
6,0.6666666666666666,RawP,4,30,168
3,0.3333333333333333,BH,1,30,168
0,0.0,BY,0,30,168
3,0.3333333333333333,RawP,1,30,169
2,0.0,BH,0,30,169
0,0.0,BY,0,30,169
4,0.5,RawP,2,30,170
2,0.0,BH,0,30,170
0,0.0,BY,0,30,170
4,0.5,RawP,2,30,171
3,0.3333333333333333,BH,1,30,171
0,0.0,BY,0,30,171
3,0.3333333333333333,RawP,1,30,172
2,0.0,BH,0,30,172
0,0.0,BY,0,30,172
4,0.5,RawP,2,30,173
2,0.0,BH,0,30,173
0,0.0,BY,0,30,173
3,0.3333333333333333,RawP,1,30,174
2,0.0,BH,0,30,174
0,0.0,BY,0,30,174
4,0.5,RawP,2,30,175
2,0.0,BH,0,30,175
0,0.0,BY,0,30,175
3,0.3333333333333333,RawP,1,30,176
2,0.0,BH,0,30,176
0,0.0,BY,0,30,176
2,0.0,RawP,0,30,177
2,0.0,BH,0,30,177
0,0.0,BY,0,30,177
6,0.6666666666666666,RawP,4,30,178
2,0.0,BH,0,30,178
0,0.0,BY,0,30,178
4,0.5,RawP,2,30,179
2,0.0,BH,0,30,179
0,0.0,BY,0,30,179
2,0.0,RawP,0,30,180
2,0.0,BH,0,30,180
0,0.0,BY,0,30,180
4,0.5,RawP,2,30,181
2,0.0,BH,0,30,181
0,0.0,BY,0,30,181
6,0.6666666666666666,RawP,4,30,182
3,0.3333333333333333,BH,1,30,182
0,0.0,BY,0,30,182
5,0.6,RawP,3,30,183
2,0.0,BH,0,30,183
0,0.0,BY,0,30,183
3,0.3333333333333333,RawP,1,30,184
2,0.0,BH,0,30,184
0,0.0,BY,0,30,184
4,0.5,RawP,2,30,185
2,0.0,BH,0,30,185
0,0.0,BY,0,30,185
2,0.0,RawP,0,30,186
2,0.0,BH,0,30,186
0,0.0,BY,0,30,186
4,0.5,RawP,2,30,187
2,0.0,BH,0,30,187
0,0.0,BY,0,30,187
4,0.5,RawP,2,30,188
2,0.0,BH,0,30,188
0,0.0,BY,0,30,188
2,0.0,RawP,0,30,189
2,0.0,BH,0,30,189
0,0.0,BY,0,30,189
2,0.0,RawP,0,30,190
2,0.0,BH,0,30,190
0,0.0,BY,0,30,190
3,0.3333333333333333,RawP,1,30,191
2,0.0,BH,0,30,191
0,0.0,BY,0,30,191
3,0.3333333333333333,RawP,1,30,192
3,0.3333333333333333,BH,1,30,192
0,0.0,BY,0,30,192
3,0.3333333333333333,RawP,1,30,193
2,0.0,BH,0,30,193
0,0.0,BY,0,30,193
3,0.3333333333333333,RawP,1,30,194
2,0.0,BH,0,30,194
0,0.0,BY,0,30,194
4,0.5,RawP,2,30,195
2,0.0,BH,0,30,195
0,0.0,BY,0,30,195
4,0.5,RawP,2,30,196
2,0.0,BH,0,30,196
0,0.0,BY,0,30,196
6,0.6666666666666666,RawP,4,30,197
3,0.3333333333333333,BH,1,30,197
0,0.0,BY,0,30,197
3,0.3333333333333333,RawP,1,30,198
2,0.0,BH,0,30,198
0,0.0,BY,0,30,198
3,0.3333333333333333,RawP,1,30,199
3,0.3333333333333333,BH,1,30,199
0,0.0,BY,0,30,199
7,0.7142857142857143,RawP,5,100,0
0,0.0,BH,0,100,0
0,0.0,BY,0,100,0
6,0.6666666666666666,RawP,4,100,1
0,0.0,BH,0,100,1
0,0.0,BY,0,100,1
7,0.7142857142857143,RawP,5,100,2
0,0.0,BH,0,100,2
0,0.0,BY,0,100,2
8,0.75,RawP,6,100,3
0,0.0,BH,0,100,3
0,0.0,BY,0,100,3
5,0.6,RawP,3,100,4
0,0.0,BH,0,100,4
0,0.0,BY,0,100,4
9,0.7777777777777778,RawP,7,100,5
0,0.0,BH,0,100,5
0,0.0,BY,0,100,5
7,0.7142857142857143,RawP,5,100,6
0,0.0,BH,0,100,6
0,0.0,BY,0,100,6
8,0.75,RawP,6,100,7
0,0.0,BH,0,100,7
0,0.0,BY,0,100,7
8,0.75,RawP,6,100,8
1,1.0,BH,1,100,8
0,0.0,BY,0,100,8
8,0.75,RawP,6,100,9
0,0.0,BH,0,100,9
0,0.0,BY,0,100,9
6,0.6666666666666666,RawP,4,100,10
0,0.0,BH,0,100,10
0,0.0,BY,0,100,10
8,0.75,RawP,6,100,11
0,0.0,BH,0,100,11
0,0.0,BY,0,100,11
12,0.8333333333333334,RawP,10,100,12
0,0.0,BH,0,100,12
0,0.0,BY,0,100,12
5,0.6,RawP,3,100,13
0,0.0,BH,0,100,13
0,0.0,BY,0,100,13
11,0.8181818181818182,RawP,9,100,14
0,0.0,BH,0,100,14
0,0.0,BY,0,100,14
6,0.6666666666666666,RawP,4,100,15
0,0.0,BH,0,100,15
0,0.0,BY,0,100,15
9,0.7777777777777778,RawP,7,100,16
0,0.0,BH,0,100,16
0,0.0,BY,0,100,16
6,0.6666666666666666,RawP,4,100,17
0,0.0,BH,0,100,17
0,0.0,BY,0,100,17
6,0.6666666666666666,RawP,4,100,18
0,0.0,BH,0,100,18
0,0.0,BY,0,100,18
8,0.75,RawP,6,100,19
1,1.0,BH,1,100,19
0,0.0,BY,0,100,19
10,0.8,RawP,8,100,20
0,0.0,BH,0,100,20
0,0.0,BY,0,100,20
6,0.6666666666666666,RawP,4,100,21
0,0.0,BH,0,100,21
0,0.0,BY,0,100,21
7,0.7142857142857143,RawP,5,100,22
1,1.0,BH,1,100,22
0,0.0,BY,0,100,22
4,0.5,RawP,2,100,23
1,1.0,BH,1,100,23
1,1.0,BY,1,100,23
7,0.7142857142857143,RawP,5,100,24
0,0.0,BH,0,100,24
0,0.0,BY,0,100,24
9,0.7777777777777778,RawP,7,100,25
0,0.0,BH,0,100,25
0,0.0,BY,0,100,25
8,0.75,RawP,6,100,26
0,0.0,BH,0,100,26
0,0.0,BY,0,100,26
5,0.6,RawP,3,100,27
0,0.0,BH,0,100,27
0,0.0,BY,0,100,27
5,0.6,RawP,3,100,28
0,0.0,BH,0,100,28
0,0.0,BY,0,100,28
11,0.8181818181818182,RawP,9,100,29
3,0.6666666666666666,BH,2,100,29
0,0.0,BY,0,100,29
6,0.6666666666666666,RawP,4,100,30
0,0.0,BH,0,100,30
0,0.0,BY,0,100,30
7,0.7142857142857143,RawP,5,100,31
0,0.0,BH,0,100,31
0,0.0,BY,0,100,31
5,0.6,RawP,3,100,32
0,0.0,BH,0,100,32
0,0.0,BY,0,100,32
11,0.8181818181818182,RawP,9,100,33
0,0.0,BH,0,100,33
0,0.0,BY,0,100,33
4,0.5,RawP,2,100,34
0,0.0,BH,0,100,34
0,0.0,BY,0,100,34
6,0.6666666666666666,RawP,4,100,35
0,0.0,BH,0,100,35
0,0.0,BY,0,100,35
10,0.8,RawP,8,100,36
0,0.0,BH,0,100,36
0,0.0,BY,0,100,36
8,0.75,RawP,6,100,37
0,0.0,BH,0,100,37
0,0.0,BY,0,100,37
9,0.7777777777777778,RawP,7,100,38
1,1.0,BH,1,100,38
0,0.0,BY,0,100,38
8,0.75,RawP,6,100,39
0,0.0,BH,0,100,39
0,0.0,BY,0,100,39
7,0.7142857142857143,RawP,5,100,40
0,0.0,BH,0,100,40
0,0.0,BY,0,100,40
5,0.6,RawP,3,100,41
0,0.0,BH,0,100,41
0,0.0,BY,0,100,41
6,0.6666666666666666,RawP,4,100,42
0,0.0,BH,0,100,42
0,0.0,BY,0,100,42
7,0.7142857142857143,RawP,5,100,43
1,1.0,BH,1,100,43
0,0.0,BY,0,100,43
10,0.8,RawP,8,100,44
0,0.0,BH,0,100,44
0,0.0,BY,0,100,44
7,0.7142857142857143,RawP,5,100,45
0,0.0,BH,0,100,45
0,0.0,BY,0,100,45
10,0.8,RawP,8,100,46
0,0.0,BH,0,100,46
0,0.0,BY,0,100,46
5,0.6,RawP,3,100,47
0,0.0,BH,0,100,47
0,0.0,BY,0,100,47
7,0.7142857142857143,RawP,5,100,48
0,0.0,BH,0,100,48
0,0.0,BY,0,100,48
6,0.6666666666666666,RawP,4,100,49
0,0.0,BH,0,100,49
0,0.0,BY,0,100,49
7,0.7142857142857143,RawP,5,100,50
0,0.0,BH,0,100,50
0,0.0,BY,0,100,50
6,0.6666666666666666,RawP,4,100,51
0,0.0,BH,0,100,51
0,0.0,BY,0,100,51
6,0.6666666666666666,RawP,4,100,52
0,0.0,BH,0,100,52
0,0.0,BY,0,100,52
7,0.7142857142857143,RawP,5,100,53
0,0.0,BH,0,100,53
0,0.0,BY,0,100,53
6,0.6666666666666666,RawP,4,100,54
0,0.0,BH,0,100,54
0,0.0,BY,0,100,54
11,0.8181818181818182,RawP,9,100,55
0,0.0,BH,0,100,55
0,0.0,BY,0,100,55
5,0.6,RawP,3,100,56
0,0.0,BH,0,100,56
0,0.0,BY,0,100,56
9,0.7777777777777778,RawP,7,100,57
0,0.0,BH,0,100,57
0,0.0,BY,0,100,57
4,0.5,RawP,2,100,58
0,0.0,BH,0,100,58
0,0.0,BY,0,100,58
7,0.7142857142857143,RawP,5,100,59
0,0.0,BH,0,100,59
0,0.0,BY,0,100,59
6,0.6666666666666666,RawP,4,100,60
0,0.0,BH,0,100,60
0,0.0,BY,0,100,60
9,0.7777777777777778,RawP,7,100,61
0,0.0,BH,0,100,61
0,0.0,BY,0,100,61
7,0.7142857142857143,RawP,5,100,62
0,0.0,BH,0,100,62
0,0.0,BY,0,100,62
11,0.8181818181818182,RawP,9,100,63
0,0.0,BH,0,100,63
0,0.0,BY,0,100,63
10,0.8,RawP,8,100,64
0,0.0,BH,0,100,64
0,0.0,BY,0,100,64
6,0.6666666666666666,RawP,4,100,65
0,0.0,BH,0,100,65
0,0.0,BY,0,100,65
7,0.7142857142857143,RawP,5,100,66
0,0.0,BH,0,100,66
0,0.0,BY,0,100,66
6,0.6666666666666666,RawP,4,100,67
0,0.0,BH,0,100,67
0,0.0,BY,0,100,67
5,0.6,RawP,3,100,68
0,0.0,BH,0,100,68
0,0.0,BY,0,100,68
11,0.8181818181818182,RawP,9,100,69
0,0.0,BH,0,100,69
0,0.0,BY,0,100,69
4,0.5,RawP,2,100,70
0,0.0,BH,0,100,70
0,0.0,BY,0,100,70
4,0.5,RawP,2,100,71
1,1.0,BH,1,100,71
0,0.0,BY,0,100,71
10,0.8,RawP,8,100,72
0,0.0,BH,0,100,72
0,0.0,BY,0,100,72
7,0.7142857142857143,RawP,5,100,73
0,0.0,BH,0,100,73
0,0.0,BY,0,100,73
12,0.8333333333333334,RawP,10,100,74
0,0.0,BH,0,100,74
0,0.0,BY,0,100,74
6,0.6666666666666666,RawP,4,100,75
0,0.0,BH,0,100,75
0,0.0,BY,0,100,75
6,0.6666666666666666,RawP,4,100,76
0,0.0,BH,0,100,76
0,0.0,BY,0,100,76
9,0.7777777777777778,RawP,7,100,77
0,0.0,BH,0,100,77
0,0.0,BY,0,100,77
10,0.8,RawP,8,100,78
0,0.0,BH,0,100,78
0,0.0,BY,0,100,78
9,0.7777777777777778,RawP,7,100,79
0,0.0,BH,0,100,79
0,0.0,BY,0,100,79
10,0.8,RawP,8,100,80
0,0.0,BH,0,100,80
0,0.0,BY,0,100,80
11,0.8181818181818182,RawP,9,100,81
0,0.0,BH,0,100,81
0,0.0,BY,0,100,81
8,0.75,RawP,6,100,82
0,0.0,BH,0,100,82
0,0.0,BY,0,100,82
5,0.6,RawP,3,100,83
0,0.0,BH,0,100,83
0,0.0,BY,0,100,83
8,0.75,RawP,6,100,84
0,0.0,BH,0,100,84
0,0.0,BY,0,100,84
10,0.8,RawP,8,100,85
0,0.0,BH,0,100,85
0,0.0,BY,0,100,85
6,0.6666666666666666,RawP,4,100,86
0,0.0,BH,0,100,86
0,0.0,BY,0,100,86
6,0.6666666666666666,RawP,4,100,87
0,0.0,BH,0,100,87
0,0.0,BY,0,100,87
7,0.7142857142857143,RawP,5,100,88
0,0.0,BH,0,100,88
0,0.0,BY,0,100,88
6,0.6666666666666666,RawP,4,100,89
0,0.0,BH,0,100,89
0,0.0,BY,0,100,89
9,0.7777777777777778,RawP,7,100,90
0,0.0,BH,0,100,90
0,0.0,BY,0,100,90
11,0.8181818181818182,RawP,9,100,91
0,0.0,BH,0,100,91
0,0.0,BY,0,100,91
5,0.6,RawP,3,100,92
0,0.0,BH,0,100,92
0,0.0,BY,0,100,92
5,0.6,RawP,3,100,93
0,0.0,BH,0,100,93
0,0.0,BY,0,100,93
6,0.6666666666666666,RawP,4,100,94
0,0.0,BH,0,100,94
0,0.0,BY,0,100,94
8,0.75,RawP,6,100,95
0,0.0,BH,0,100,95
0,0.0,BY,0,100,95
7,0.7142857142857143,RawP,5,100,96
0,0.0,BH,0,100,96
0,0.0,BY,0,100,96
11,0.8181818181818182,RawP,9,100,97
0,0.0,BH,0,100,97
0,0.0,BY,0,100,97
6,0.6666666666666666,RawP,4,100,98
0,0.0,BH,0,100,98
0,0.0,BY,0,100,98
5,0.6,RawP,3,100,99
0,0.0,BH,0,100,99
0,0.0,BY,0,100,99
10,0.8,RawP,8,100,100
0,0.0,BH,0,100,100
0,0.0,BY,0,100,100
5,0.6,RawP,3,100,101
0,0.0,BH,0,100,101
0,0.0,BY,0,100,101
5,0.6,RawP,3,100,102
0,0.0,BH,0,100,102
0,0.0,BY,0,100,102
5,0.6,RawP,3,100,103
0,0.0,BH,0,100,103
0,0.0,BY,0,100,103
7,0.7142857142857143,RawP,5,100,104
0,0.0,BH,0,100,104
0,0.0,BY,0,100,104
3,0.3333333333333333,RawP,1,100,105
0,0.0,BH,0,100,105
0,0.0,BY,0,100,105
8,0.75,RawP,6,100,106
0,0.0,BH,0,100,106
0,0.0,BY,0,100,106
8,0.75,RawP,6,100,107
0,0.0,BH,0,100,107
0,0.0,BY,0,100,107
5,0.6,RawP,3,100,108
0,0.0,BH,0,100,108
0,0.0,BY,0,100,108
6,0.6666666666666666,RawP,4,100,109
0,0.0,BH,0,100,109
0,0.0,BY,0,100,109
8,0.75,RawP,6,100,110
0,0.0,BH,0,100,110
0,0.0,BY,0,100,110
6,0.6666666666666666,RawP,4,100,111
0,0.0,BH,0,100,111
0,0.0,BY,0,100,111
4,0.5,RawP,2,100,112
0,0.0,BH,0,100,112
0,0.0,BY,0,100,112
9,0.7777777777777778,RawP,7,100,113
0,0.0,BH,0,100,113
0,0.0,BY,0,100,113
8,0.75,RawP,6,100,114
0,0.0,BH,0,100,114
0,0.0,BY,0,100,114
8,0.75,RawP,6,100,115
0,0.0,BH,0,100,115
0,0.0,BY,0,100,115
9,0.7777777777777778,RawP,7,100,116
0,0.0,BH,0,100,116
0,0.0,BY,0,100,116
9,0.7777777777777778,RawP,7,100,117
0,0.0,BH,0,100,117
0,0.0,BY,0,100,117
7,0.7142857142857143,RawP,5,100,118
0,0.0,BH,0,100,118
0,0.0,BY,0,100,118
3,0.3333333333333333,RawP,1,100,119
0,0.0,BH,0,100,119
0,0.0,BY,0,100,119
6,0.6666666666666666,RawP,4,100,120
0,0.0,BH,0,100,120
0,0.0,BY,0,100,120
4,0.5,RawP,2,100,121
0,0.0,BH,0,100,121
0,0.0,BY,0,100,121
5,0.6,RawP,3,100,122
0,0.0,BH,0,100,122
0,0.0,BY,0,100,122
4,0.5,RawP,2,100,123
0,0.0,BH,0,100,123
0,0.0,BY,0,100,123
8,0.75,RawP,6,100,124
0,0.0,BH,0,100,124
0,0.0,BY,0,100,124
5,0.6,RawP,3,100,125
0,0.0,BH,0,100,125
0,0.0,BY,0,100,125
9,0.7777777777777778,RawP,7,100,126
0,0.0,BH,0,100,126
0,0.0,BY,0,100,126
8,0.75,RawP,6,100,127
0,0.0,BH,0,100,127
0,0.0,BY,0,100,127
9,0.7777777777777778,RawP,7,100,128
3,0.6666666666666666,BH,2,100,128
0,0.0,BY,0,100,128
6,0.6666666666666666,RawP,4,100,129
0,0.0,BH,0,100,129
0,0.0,BY,0,100,129
7,0.7142857142857143,RawP,5,100,130
0,0.0,BH,0,100,130
0,0.0,BY,0,100,130
6,0.6666666666666666,RawP,4,100,131
0,0.0,BH,0,100,131
0,0.0,BY,0,100,131
9,0.7777777777777778,RawP,7,100,132
0,0.0,BH,0,100,132
0,0.0,BY,0,100,132
9,0.7777777777777778,RawP,7,100,133
0,0.0,BH,0,100,133
0,0.0,BY,0,100,133
7,0.7142857142857143,RawP,5,100,134
0,0.0,BH,0,100,134
0,0.0,BY,0,100,134
7,0.7142857142857143,RawP,5,100,135
0,0.0,BH,0,100,135
0,0.0,BY,0,100,135
6,0.6666666666666666,RawP,4,100,136
0,0.0,BH,0,100,136
0,0.0,BY,0,100,136
8,0.75,RawP,6,100,137
0,0.0,BH,0,100,137
0,0.0,BY,0,100,137
7,0.7142857142857143,RawP,5,100,138
0,0.0,BH,0,100,138
0,0.0,BY,0,100,138
6,0.6666666666666666,RawP,4,100,139
0,0.0,BH,0,100,139
0,0.0,BY,0,100,139
4,0.5,RawP,2,100,140
1,1.0,BH,1,100,140
0,0.0,BY,0,100,140
6,0.6666666666666666,RawP,4,100,141
0,0.0,BH,0,100,141
0,0.0,BY,0,100,141
8,0.75,RawP,6,100,142
0,0.0,BH,0,100,142
0,0.0,BY,0,100,142
8,0.75,RawP,6,100,143
0,0.0,BH,0,100,143
0,0.0,BY,0,100,143
6,0.6666666666666666,RawP,4,100,144
0,0.0,BH,0,100,144
0,0.0,BY,0,100,144
9,0.7777777777777778,RawP,7,100,145
0,0.0,BH,0,100,145
0,0.0,BY,0,100,145
5,0.6,RawP,3,100,146
0,0.0,BH,0,100,146
0,0.0,BY,0,100,146
5,0.6,RawP,3,100,147
0,0.0,BH,0,100,147
0,0.0,BY,0,100,147
8,0.75,RawP,6,100,148
0,0.0,BH,0,100,148
0,0.0,BY,0,100,148
8,0.75,RawP,6,100,149
0,0.0,BH,0,100,149
0,0.0,BY,0,100,149
7,0.7142857142857143,RawP,5,100,150
0,0.0,BH,0,100,150
0,0.0,BY,0,100,150
7,0.7142857142857143,RawP,5,100,151
0,0.0,BH,0,100,151
0,0.0,BY,0,100,151
10,0.8,RawP,8,100,152
0,0.0,BH,0,100,152
0,0.0,BY,0,100,152
7,0.7142857142857143,RawP,5,100,153
1,1.0,BH,1,100,153
0,0.0,BY,0,100,153
7,0.7142857142857143,RawP,5,100,154
0,0.0,BH,0,100,154
0,0.0,BY,0,100,154
4,0.5,RawP,2,100,155
0,0.0,BH,0,100,155
0,0.0,BY,0,100,155
5,0.6,RawP,3,100,156
0,0.0,BH,0,100,156
0,0.0,BY,0,100,156
4,0.5,RawP,2,100,157
0,0.0,BH,0,100,157
0,0.0,BY,0,100,157
12,0.8333333333333334,RawP,10,100,158
0,0.0,BH,0,100,158
0,0.0,BY,0,100,158
4,0.5,RawP,2,100,159
0,0.0,BH,0,100,159
0,0.0,BY,0,100,159
8,0.75,RawP,6,100,160
1,1.0,BH,1,100,160
1,1.0,BY,1,100,160
7,0.7142857142857143,RawP,5,100,161
0,0.0,BH,0,100,161
0,0.0,BY,0,100,161
10,0.8,RawP,8,100,162
0,0.0,BH,0,100,162
0,0.0,BY,0,100,162
11,0.8181818181818182,RawP,9,100,163
0,0.0,BH,0,100,163
0,0.0,BY,0,100,163
6,0.6666666666666666,RawP,4,100,164
0,0.0,BH,0,100,164
0,0.0,BY,0,100,164
7,0.7142857142857143,RawP,5,100,165
0,0.0,BH,0,100,165
0,0.0,BY,0,100,165
7,0.7142857142857143,RawP,5,100,166
0,0.0,BH,0,100,166
0,0.0,BY,0,100,166
7,0.7142857142857143,RawP,5,100,167
0,0.0,BH,0,100,167
0,0.0,BY,0,100,167
9,0.7777777777777778,RawP,7,100,168
0,0.0,BH,0,100,168
0,0.0,BY,0,100,168
6,0.6666666666666666,RawP,4,100,169
0,0.0,BH,0,100,169
0,0.0,BY,0,100,169
7,0.7142857142857143,RawP,5,100,170
3,0.6666666666666666,BH,2,100,170
0,0.0,BY,0,100,170
4,0.5,RawP,2,100,171
0,0.0,BH,0,100,171
0,0.0,BY,0,100,171
12,0.8333333333333334,RawP,10,100,172
0,0.0,BH,0,100,172
0,0.0,BY,0,100,172
6,0.6666666666666666,RawP,4,100,173
0,0.0,BH,0,100,173
0,0.0,BY,0,100,173
8,0.75,RawP,6,100,174
0,0.0,BH,0,100,174
0,0.0,BY,0,100,174
8,0.75,RawP,6,100,175
0,0.0,BH,0,100,175
0,0.0,BY,0,100,175
9,0.7777777777777778,RawP,7,100,176
0,0.0,BH,0,100,176
0,0.0,BY,0,100,176
7,0.7142857142857143,RawP,5,100,177
0,0.0,BH,0,100,177
0,0.0,BY,0,100,177
8,0.75,RawP,6,100,178
0,0.0,BH,0,100,178
0,0.0,BY,0,100,178
8,0.75,RawP,6,100,179
0,0.0,BH,0,100,179
0,0.0,BY,0,100,179
6,0.6666666666666666,RawP,4,100,180
0,0.0,BH,0,100,180
0,0.0,BY,0,100,180
5,0.6,RawP,3,100,181
0,0.0,BH,0,100,181
0,0.0,BY,0,100,181
9,0.7777777777777778,RawP,7,100,182
0,0.0,BH,0,100,182
0,0.0,BY,0,100,182
5,0.6,RawP,3,100,183
0,0.0,BH,0,100,183
0,0.0,BY,0,100,183
8,0.75,RawP,6,100,184
0,0.0,BH,0,100,184
0,0.0,BY,0,100,184
6,0.6666666666666666,RawP,4,100,185
0,0.0,BH,0,100,185
0,0.0,BY,0,100,185
6,0.6666666666666666,RawP,4,100,186
0,0.0,BH,0,100,186
0,0.0,BY,0,100,186
8,0.75,RawP,6,100,187
0,0.0,BH,0,100,187
0,0.0,BY,0,100,187
9,0.7777777777777778,RawP,7,100,188
0,0.0,BH,0,100,188
0,0.0,BY,0,100,188
10,0.8,RawP,8,100,189
0,0.0,BH,0,100,189
0,0.0,BY,0,100,189
10,0.8,RawP,8,100,190
0,0.0,BH,0,100,190
0,0.0,BY,0,100,190
4,0.5,RawP,2,100,191
0,0.0,BH,0,100,191
0,0.0,BY,0,100,191
7,0.7142857142857143,RawP,5,100,192
0,0.0,BH,0,100,192
0,0.0,BY,0,100,192
6,0.6666666666666666,RawP,4,100,193
0,0.0,BH,0,100,193
0,0.0,BY,0,100,193
9,0.7777777777777778,RawP,7,100,194
0,0.0,BH,0,100,194
0,0.0,BY,0,100,194
8,0.75,RawP,6,100,195
0,0.0,BH,0,100,195
0,0.0,BY,0,100,195
5,0.6,RawP,3,100,196
0,0.0,BH,0,100,196
0,0.0,BY,0,100,196
9,0.7777777777777778,RawP,7,100,197
0,0.0,BH,0,100,197
0,0.0,BY,0,100,197
8,0.75,RawP,6,100,198
0,0.0,BH,0,100,198
0,0.0,BY,0,100,198
8,0.75,RawP,6,100,199
1,1.0,BH,1,100,199
0,0.0,BY,0,100,199
21,0.9047619047619048,RawP,19,300,0
0,0.0,BH,0,300,0
0,0.0,BY,0,300,0
14,0.8571428571428571,RawP,12,300,1
0,0.0,BH,0,300,1
0,0.0,BY,0,300,1
20,0.9,RawP,18,300,2
0,0.0,BH,0,300,2
0,0.0,BY,0,300,2
21,0.9047619047619048,RawP,19,300,3
0,0.0,BH,0,300,3
0,0.0,BY,0,300,3
21,0.9047619047619048,RawP,19,300,4
0,0.0,BH,0,300,4
0,0.0,BY,0,300,4
22,0.9090909090909091,RawP,20,300,5
0,0.0,BH,0,300,5
0,0.0,BY,0,300,5
15,0.8666666666666667,RawP,13,300,6
0,0.0,BH,0,300,6
0,0.0,BY,0,300,6
18,0.8888888888888888,RawP,16,300,7
0,0.0,BH,0,300,7
0,0.0,BY,0,300,7
17,0.8823529411764706,RawP,15,300,8
0,0.0,BH,0,300,8
0,0.0,BY,0,300,8
11,0.8181818181818182,RawP,9,300,9
0,0.0,BH,0,300,9
0,0.0,BY,0,300,9
18,0.8888888888888888,RawP,16,300,10
0,0.0,BH,0,300,10
0,0.0,BY,0,300,10
19,0.8947368421052632,RawP,17,300,11
0,0.0,BH,0,300,11
0,0.0,BY,0,300,11
19,0.8947368421052632,RawP,17,300,12
0,0.0,BH,0,300,12
0,0.0,BY,0,300,12
17,0.8823529411764706,RawP,15,300,13
0,0.0,BH,0,300,13
0,0.0,BY,0,300,13
18,0.8888888888888888,RawP,16,300,14
1,1.0,BH,1,300,14
0,0.0,BY,0,300,14
16,0.875,RawP,14,300,15
0,0.0,BH,0,300,15
0,0.0,BY,0,300,15
16,0.875,RawP,14,300,16
0,0.0,BH,0,300,16
0,0.0,BY,0,300,16
13,0.8461538461538461,RawP,11,300,17
0,0.0,BH,0,300,17
0,0.0,BY,0,300,17
18,0.8888888888888888,RawP,16,300,18
0,0.0,BH,0,300,18
0,0.0,BY,0,300,18
18,0.8888888888888888,RawP,16,300,19
0,0.0,BH,0,300,19
0,0.0,BY,0,300,19
17,0.8823529411764706,RawP,15,300,20
0,0.0,BH,0,300,20
0,0.0,BY,0,300,20
14,0.8571428571428571,RawP,12,300,21
0,0.0,BH,0,300,21
0,0.0,BY,0,300,21
15,0.8666666666666667,RawP,13,300,22
0,0.0,BH,0,300,22
0,0.0,BY,0,300,22
14,0.8571428571428571,RawP,12,300,23
0,0.0,BH,0,300,23
0,0.0,BY,0,300,23
17,0.8823529411764706,RawP,15,300,24
1,1.0,BH,1,300,24
0,0.0,BY,0,300,24
23,0.9130434782608695,RawP,21,300,25
0,0.0,BH,0,300,25
0,0.0,BY,0,300,25
22,0.9090909090909091,RawP,20,300,26
0,0.0,BH,0,300,26
0,0.0,BY,0,300,26
14,0.8571428571428571,RawP,12,300,27
0,0.0,BH,0,300,27
0,0.0,BY,0,300,27
15,0.8666666666666667,RawP,13,300,28
0,0.0,BH,0,300,28
0,0.0,BY,0,300,28
15,0.8666666666666667,RawP,13,300,29
0,0.0,BH,0,300,29
0,0.0,BY,0,300,29
16,0.875,RawP,14,300,30
1,1.0,BH,1,300,30
0,0.0,BY,0,300,30
11,0.8181818181818182,RawP,9,300,31
0,0.0,BH,0,300,31
0,0.0,BY,0,300,31
18,0.8888888888888888,RawP,16,300,32
1,1.0,BH,1,300,32
0,0.0,BY,0,300,32
17,0.8823529411764706,RawP,15,300,33
0,0.0,BH,0,300,33
0,0.0,BY,0,300,33
17,0.8823529411764706,RawP,15,300,34
0,0.0,BH,0,300,34
0,0.0,BY,0,300,34
17,0.8823529411764706,RawP,15,300,35
0,0.0,BH,0,300,35
0,0.0,BY,0,300,35
13,0.8461538461538461,RawP,11,300,36
0,0.0,BH,0,300,36
0,0.0,BY,0,300,36
16,0.875,RawP,14,300,37
0,0.0,BH,0,300,37
0,0.0,BY,0,300,37
19,0.8947368421052632,RawP,17,300,38
0,0.0,BH,0,300,38
0,0.0,BY,0,300,38
17,0.8823529411764706,RawP,15,300,39
0,0.0,BH,0,300,39
0,0.0,BY,0,300,39
16,0.875,RawP,14,300,40
0,0.0,BH,0,300,40
0,0.0,BY,0,300,40
14,0.8571428571428571,RawP,12,300,41
0,0.0,BH,0,300,41
0,0.0,BY,0,300,41
23,0.9130434782608695,RawP,21,300,42
0,0.0,BH,0,300,42
0,0.0,BY,0,300,42
20,0.9,RawP,18,300,43
0,0.0,BH,0,300,43
0,0.0,BY,0,300,43
16,0.875,RawP,14,300,44
0,0.0,BH,0,300,44
0,0.0,BY,0,300,44
20,0.9,RawP,18,300,45
0,0.0,BH,0,300,45
0,0.0,BY,0,300,45
12,0.8333333333333334,RawP,10,300,46
0,0.0,BH,0,300,46
0,0.0,BY,0,300,46
20,0.9,RawP,18,300,47
1,1.0,BH,1,300,47
0,0.0,BY,0,300,47
24,0.9166666666666666,RawP,22,300,48
0,0.0,BH,0,300,48
0,0.0,BY,0,300,48
21,0.9047619047619048,RawP,19,300,49
0,0.0,BH,0,300,49
0,0.0,BY,0,300,49
13,0.8461538461538461,RawP,11,300,50
0,0.0,BH,0,300,50
0,0.0,BY,0,300,50
19,0.8947368421052632,RawP,17,300,51
0,0.0,BH,0,300,51
0,0.0,BY,0,300,51
12,0.8333333333333334,RawP,10,300,52
0,0.0,BH,0,300,52
0,0.0,BY,0,300,52
16,0.875,RawP,14,300,53
0,0.0,BH,0,300,53
0,0.0,BY,0,300,53
13,0.8461538461538461,RawP,11,300,54
0,0.0,BH,0,300,54
0,0.0,BY,0,300,54
24,0.9166666666666666,RawP,22,300,55
0,0.0,BH,0,300,55
0,0.0,BY,0,300,55
15,0.8666666666666667,RawP,13,300,56
0,0.0,BH,0,300,56
0,0.0,BY,0,300,56
22,0.9090909090909091,RawP,20,300,57
0,0.0,BH,0,300,57
0,0.0,BY,0,300,57
18,0.8888888888888888,RawP,16,300,58
0,0.0,BH,0,300,58
0,0.0,BY,0,300,58
10,0.8,RawP,8,300,59
0,0.0,BH,0,300,59
0,0.0,BY,0,300,59
21,0.9047619047619048,RawP,19,300,60
0,0.0,BH,0,300,60
0,0.0,BY,0,300,60
23,0.9130434782608695,RawP,21,300,61
0,0.0,BH,0,300,61
0,0.0,BY,0,300,61
17,0.8823529411764706,RawP,15,300,62
0,0.0,BH,0,300,62
0,0.0,BY,0,300,62
25,0.92,RawP,23,300,63
0,0.0,BH,0,300,63
0,0.0,BY,0,300,63
22,0.9090909090909091,RawP,20,300,64
0,0.0,BH,0,300,64
0,0.0,BY,0,300,64
16,0.875,RawP,14,300,65
0,0.0,BH,0,300,65
0,0.0,BY,0,300,65
16,0.875,RawP,14,300,66
0,0.0,BH,0,300,66
0,0.0,BY,0,300,66
25,0.92,RawP,23,300,67
0,0.0,BH,0,300,67
0,0.0,BY,0,300,67
24,0.9166666666666666,RawP,22,300,68
0,0.0,BH,0,300,68
0,0.0,BY,0,300,68
18,0.8888888888888888,RawP,16,300,69
0,0.0,BH,0,300,69
0,0.0,BY,0,300,69
19,0.8947368421052632,RawP,17,300,70
0,0.0,BH,0,300,70
0,0.0,BY,0,300,70
18,0.8888888888888888,RawP,16,300,71
0,0.0,BH,0,300,71
0,0.0,BY,0,300,71
24,0.9166666666666666,RawP,22,300,72
0,0.0,BH,0,300,72
0,0.0,BY,0,300,72
20,0.9,RawP,18,300,73
0,0.0,BH,0,300,73
0,0.0,BY,0,300,73
26,0.9230769230769231,RawP,24,300,74
0,0.0,BH,0,300,74
0,0.0,BY,0,300,74
16,0.875,RawP,14,300,75
0,0.0,BH,0,300,75
0,0.0,BY,0,300,75
15,0.8666666666666667,RawP,13,300,76
0,0.0,BH,0,300,76
0,0.0,BY,0,300,76
15,0.8666666666666667,RawP,13,300,77
0,0.0,BH,0,300,77
0,0.0,BY,0,300,77
23,0.9130434782608695,RawP,21,300,78
0,0.0,BH,0,300,78
0,0.0,BY,0,300,78
18,0.8888888888888888,RawP,16,300,79
0,0.0,BH,0,300,79
0,0.0,BY,0,300,79
12,0.8333333333333334,RawP,10,300,80
0,0.0,BH,0,300,80
0,0.0,BY,0,300,80
17,0.8823529411764706,RawP,15,300,81
0,0.0,BH,0,300,81
0,0.0,BY,0,300,81
17,0.8823529411764706,RawP,15,300,82
1,1.0,BH,1,300,82
0,0.0,BY,0,300,82
14,0.8571428571428571,RawP,12,300,83
0,0.0,BH,0,300,83
0,0.0,BY,0,300,83
9,0.7777777777777778,RawP,7,300,84
0,0.0,BH,0,300,84
0,0.0,BY,0,300,84
15,0.8666666666666667,RawP,13,300,85
0,0.0,BH,0,300,85
0,0.0,BY,0,300,85
20,0.9,RawP,18,300,86
0,0.0,BH,0,300,86
0,0.0,BY,0,300,86
29,0.9310344827586207,RawP,27,300,87
0,0.0,BH,0,300,87
0,0.0,BY,0,300,87
15,0.8666666666666667,RawP,13,300,88
0,0.0,BH,0,300,88
0,0.0,BY,0,300,88
16,0.875,RawP,14,300,89
1,1.0,BH,1,300,89
0,0.0,BY,0,300,89
15,0.8666666666666667,RawP,13,300,90
0,0.0,BH,0,300,90
0,0.0,BY,0,300,90
22,0.9090909090909091,RawP,20,300,91
0,0.0,BH,0,300,91
0,0.0,BY,0,300,91
17,0.8823529411764706,RawP,15,300,92
0,0.0,BH,0,300,92
0,0.0,BY,0,300,92
13,0.8461538461538461,RawP,11,300,93
0,0.0,BH,0,300,93
0,0.0,BY,0,300,93
17,0.8823529411764706,RawP,15,300,94
0,0.0,BH,0,300,94
0,0.0,BY,0,300,94
19,0.8947368421052632,RawP,17,300,95
0,0.0,BH,0,300,95
0,0.0,BY,0,300,95
24,0.9166666666666666,RawP,22,300,96
0,0.0,BH,0,300,96
0,0.0,BY,0,300,96
13,0.8461538461538461,RawP,11,300,97
0,0.0,BH,0,300,97
0,0.0,BY,0,300,97
22,0.9090909090909091,RawP,20,300,98
0,0.0,BH,0,300,98
0,0.0,BY,0,300,98
19,0.8947368421052632,RawP,17,300,99
0,0.0,BH,0,300,99
0,0.0,BY,0,300,99
14,0.8571428571428571,RawP,12,300,100
0,0.0,BH,0,300,100
0,0.0,BY,0,300,100
13,0.8461538461538461,RawP,11,300,101
0,0.0,BH,0,300,101
0,0.0,BY,0,300,101
13,0.8461538461538461,RawP,11,300,102
0,0.0,BH,0,300,102
0,0.0,BY,0,300,102
17,0.8823529411764706,RawP,15,300,103
0,0.0,BH,0,300,103
0,0.0,BY,0,300,103
16,0.875,RawP,14,300,104
0,0.0,BH,0,300,104
0,0.0,BY,0,300,104
12,0.8333333333333334,RawP,10,300,105
0,0.0,BH,0,300,105
0,0.0,BY,0,300,105
19,0.8947368421052632,RawP,17,300,106
1,1.0,BH,1,300,106
0,0.0,BY,0,300,106
18,0.8888888888888888,RawP,16,300,107
0,0.0,BH,0,300,107
0,0.0,BY,0,300,107
10,0.8,RawP,8,300,108
0,0.0,BH,0,300,108
0,0.0,BY,0,300,108
13,0.8461538461538461,RawP,11,300,109
0,0.0,BH,0,300,109
0,0.0,BY,0,300,109
14,0.8571428571428571,RawP,12,300,110
0,0.0,BH,0,300,110
0,0.0,BY,0,300,110
17,0.8823529411764706,RawP,15,300,111
0,0.0,BH,0,300,111
0,0.0,BY,0,300,111
25,0.92,RawP,23,300,112
0,0.0,BH,0,300,112
0,0.0,BY,0,300,112
15,0.8666666666666667,RawP,13,300,113
0,0.0,BH,0,300,113
0,0.0,BY,0,300,113
20,0.9,RawP,18,300,114
0,0.0,BH,0,300,114
0,0.0,BY,0,300,114
19,0.8947368421052632,RawP,17,300,115
0,0.0,BH,0,300,115
0,0.0,BY,0,300,115
17,0.8823529411764706,RawP,15,300,116
0,0.0,BH,0,300,116
0,0.0,BY,0,300,116
14,0.8571428571428571,RawP,12,300,117
0,0.0,BH,0,300,117
0,0.0,BY,0,300,117
18,0.8888888888888888,RawP,16,300,118
0,0.0,BH,0,300,118
0,0.0,BY,0,300,118
14,0.8571428571428571,RawP,12,300,119
0,0.0,BH,0,300,119
0,0.0,BY,0,300,119
21,0.9047619047619048,RawP,19,300,120
0,0.0,BH,0,300,120
0,0.0,BY,0,300,120
14,0.8571428571428571,RawP,12,300,121
0,0.0,BH,0,300,121
0,0.0,BY,0,300,121
15,0.8666666666666667,RawP,13,300,122
0,0.0,BH,0,300,122
0,0.0,BY,0,300,122
19,0.8947368421052632,RawP,17,300,123
0,0.0,BH,0,300,123
0,0.0,BY,0,300,123
25,0.92,RawP,23,300,124
0,0.0,BH,0,300,124
0,0.0,BY,0,300,124
12,0.8333333333333334,RawP,10,300,125
0,0.0,BH,0,300,125
0,0.0,BY,0,300,125
20,0.9,RawP,18,300,126
0,0.0,BH,0,300,126
0,0.0,BY,0,300,126
18,0.8888888888888888,RawP,16,300,127
0,0.0,BH,0,300,127
0,0.0,BY,0,300,127
14,0.8571428571428571,RawP,12,300,128
0,0.0,BH,0,300,128
0,0.0,BY,0,300,128
14,0.8571428571428571,RawP,12,300,129
0,0.0,BH,0,300,129
0,0.0,BY,0,300,129
26,0.9230769230769231,RawP,24,300,130
0,0.0,BH,0,300,130
0,0.0,BY,0,300,130
17,0.8823529411764706,RawP,15,300,131
0,0.0,BH,0,300,131
0,0.0,BY,0,300,131
16,0.875,RawP,14,300,132
0,0.0,BH,0,300,132
0,0.0,BY,0,300,132
19,0.8947368421052632,RawP,17,300,133
0,0.0,BH,0,300,133
0,0.0,BY,0,300,133
19,0.8947368421052632,RawP,17,300,134
0,0.0,BH,0,300,134
0,0.0,BY,0,300,134
16,0.875,RawP,14,300,135
0,0.0,BH,0,300,135
0,0.0,BY,0,300,135
14,0.8571428571428571,RawP,12,300,136
1,1.0,BH,1,300,136
0,0.0,BY,0,300,136
15,0.8666666666666667,RawP,13,300,137
0,0.0,BH,0,300,137
0,0.0,BY,0,300,137
15,0.8666666666666667,RawP,13,300,138
0,0.0,BH,0,300,138
0,0.0,BY,0,300,138
24,0.9166666666666666,RawP,22,300,139
0,0.0,BH,0,300,139
0,0.0,BY,0,300,139
16,0.875,RawP,14,300,140
0,0.0,BH,0,300,140
0,0.0,BY,0,300,140
21,0.9047619047619048,RawP,19,300,141
0,0.0,BH,0,300,141
0,0.0,BY,0,300,141
24,0.9166666666666666,RawP,22,300,142
0,0.0,BH,0,300,142
0,0.0,BY,0,300,142
18,0.8888888888888888,RawP,16,300,143
0,0.0,BH,0,300,143
0,0.0,BY,0,300,143
13,0.8461538461538461,RawP,11,300,144
0,0.0,BH,0,300,144
0,0.0,BY,0,300,144
13,0.8461538461538461,RawP,11,300,145
0,0.0,BH,0,300,145
0,0.0,BY,0,300,145
21,0.9047619047619048,RawP,19,300,146
1,1.0,BH,1,300,146
0,0.0,BY,0,300,146
20,0.9,RawP,18,300,147
1,1.0,BH,1,300,147
0,0.0,BY,0,300,147
21,0.9047619047619048,RawP,19,300,148
0,0.0,BH,0,300,148
0,0.0,BY,0,300,148
14,0.8571428571428571,RawP,12,300,149
0,0.0,BH,0,300,149
0,0.0,BY,0,300,149
18,0.8888888888888888,RawP,16,300,150
0,0.0,BH,0,300,150
0,0.0,BY,0,300,150
15,0.8666666666666667,RawP,13,300,151
0,0.0,BH,0,300,151
0,0.0,BY,0,300,151
16,0.875,RawP,14,300,152
0,0.0,BH,0,300,152
0,0.0,BY,0,300,152
15,0.8666666666666667,RawP,13,300,153
0,0.0,BH,0,300,153
0,0.0,BY,0,300,153
17,0.8823529411764706,RawP,15,300,154
0,0.0,BH,0,300,154
0,0.0,BY,0,300,154
22,0.9090909090909091,RawP,20,300,155
0,0.0,BH,0,300,155
0,0.0,BY,0,300,155
20,0.9,RawP,18,300,156
0,0.0,BH,0,300,156
0,0.0,BY,0,300,156
18,0.8888888888888888,RawP,16,300,157
1,1.0,BH,1,300,157
0,0.0,BY,0,300,157
16,0.875,RawP,14,300,158
0,0.0,BH,0,300,158
0,0.0,BY,0,300,158
18,0.8888888888888888,RawP,16,300,159
0,0.0,BH,0,300,159
0,0.0,BY,0,300,159
12,0.8333333333333334,RawP,10,300,160
0,0.0,BH,0,300,160
0,0.0,BY,0,300,160
14,0.8571428571428571,RawP,12,300,161
0,0.0,BH,0,300,161
0,0.0,BY,0,300,161
18,0.8888888888888888,RawP,16,300,162
0,0.0,BH,0,300,162
0,0.0,BY,0,300,162
11,0.8181818181818182,RawP,9,300,163
0,0.0,BH,0,300,163
0,0.0,BY,0,300,163
14,0.8571428571428571,RawP,12,300,164
0,0.0,BH,0,300,164
0,0.0,BY,0,300,164
19,0.8947368421052632,RawP,17,300,165
0,0.0,BH,0,300,165
0,0.0,BY,0,300,165
17,0.8823529411764706,RawP,15,300,166
0,0.0,BH,0,300,166
0,0.0,BY,0,300,166
18,0.8888888888888888,RawP,16,300,167
0,0.0,BH,0,300,167
0,0.0,BY,0,300,167
16,0.875,RawP,14,300,168
0,0.0,BH,0,300,168
0,0.0,BY,0,300,168
12,0.8333333333333334,RawP,10,300,169
0,0.0,BH,0,300,169
0,0.0,BY,0,300,169
17,0.8823529411764706,RawP,15,300,170
0,0.0,BH,0,300,170
0,0.0,BY,0,300,170
21,0.9047619047619048,RawP,19,300,171
0,0.0,BH,0,300,171
0,0.0,BY,0,300,171
14,0.8571428571428571,RawP,12,300,172
0,0.0,BH,0,300,172
0,0.0,BY,0,300,172
8,0.75,RawP,6,300,173
0,0.0,BH,0,300,173
0,0.0,BY,0,300,173
14,0.8571428571428571,RawP,12,300,174
0,0.0,BH,0,300,174
0,0.0,BY,0,300,174
15,0.8666666666666667,RawP,13,300,175
0,0.0,BH,0,300,175
0,0.0,BY,0,300,175
17,0.8823529411764706,RawP,15,300,176
0,0.0,BH,0,300,176
0,0.0,BY,0,300,176
25,0.92,RawP,23,300,177
0,0.0,BH,0,300,177
0,0.0,BY,0,300,177
24,0.9166666666666666,RawP,22,300,178
0,0.0,BH,0,300,178
0,0.0,BY,0,300,178
11,0.8181818181818182,RawP,9,300,179
0,0.0,BH,0,300,179
0,0.0,BY,0,300,179
24,0.9166666666666666,RawP,22,300,180
0,0.0,BH,0,300,180
0,0.0,BY,0,300,180
13,0.8461538461538461,RawP,11,300,181
0,0.0,BH,0,300,181
0,0.0,BY,0,300,181
19,0.8947368421052632,RawP,17,300,182
1,1.0,BH,1,300,182
1,1.0,BY,1,300,182
14,0.8571428571428571,RawP,12,300,183
0,0.0,BH,0,300,183
0,0.0,BY,0,300,183
22,0.9090909090909091,RawP,20,300,184
0,0.0,BH,0,300,184
0,0.0,BY,0,300,184
16,0.875,RawP,14,300,185
0,0.0,BH,0,300,185
0,0.0,BY,0,300,185
17,0.8823529411764706,RawP,15,300,186
0,0.0,BH,0,300,186
0,0.0,BY,0,300,186
19,0.8947368421052632,RawP,17,300,187
0,0.0,BH,0,300,187
0,0.0,BY,0,300,187
17,0.8823529411764706,RawP,15,300,188
0,0.0,BH,0,300,188
0,0.0,BY,0,300,188
15,0.8666666666666667,RawP,13,300,189
0,0.0,BH,0,300,189
0,0.0,BY,0,300,189
21,0.9047619047619048,RawP,19,300,190
0,0.0,BH,0,300,190
0,0.0,BY,0,300,190
21,0.9047619047619048,RawP,19,300,191
0,0.0,BH,0,300,191
0,0.0,BY,0,300,191
15,0.8666666666666667,RawP,13,300,192
0,0.0,BH,0,300,192
0,0.0,BY,0,300,192
19,0.8947368421052632,RawP,17,300,193
0,0.0,BH,0,300,193
0,0.0,BY,0,300,193
21,0.9047619047619048,RawP,19,300,194
0,0.0,BH,0,300,194
0,0.0,BY,0,300,194
20,0.9,RawP,18,300,195
0,0.0,BH,0,300,195
0,0.0,BY,0,300,195
18,0.8888888888888888,RawP,16,300,196
0,0.0,BH,0,300,196
0,0.0,BY,0,300,196
20,0.9,RawP,18,300,197
0,0.0,BH,0,300,197
0,0.0,BY,0,300,197
17,0.8823529411764706,RawP,15,300,198
0,0.0,BH,0,300,198
0,0.0,BY,0,300,198
18,0.8888888888888888,RawP,16,300,199
0,0.0,BH,0,300,199
0,0.0,BY,0,300,199
45,0.9555555555555556,RawP,43,1000,0
0,0.0,BH,0,1000,0
0,0.0,BY,0,1000,0
49,0.9591836734693877,RawP,47,1000,1
0,0.0,BH,0,1000,1
0,0.0,BY,0,1000,1
46,0.9565217391304348,RawP,44,1000,2
0,0.0,BH,0,1000,2
0,0.0,BY,0,1000,2
50,0.96,RawP,48,1000,3
0,0.0,BH,0,1000,3
0,0.0,BY,0,1000,3
45,0.9555555555555556,RawP,43,1000,4
0,0.0,BH,0,1000,4
0,0.0,BY,0,1000,4
44,0.9545454545454546,RawP,42,1000,5
0,0.0,BH,0,1000,5
0,0.0,BY,0,1000,5
43,0.9534883720930233,RawP,41,1000,6
0,0.0,BH,0,1000,6
0,0.0,BY,0,1000,6
41,0.9512195121951219,RawP,39,1000,7
0,0.0,BH,0,1000,7
0,0.0,BY,0,1000,7
42,0.9523809523809523,RawP,40,1000,8
0,0.0,BH,0,1000,8
0,0.0,BY,0,1000,8
59,0.9661016949152542,RawP,57,1000,9
0,0.0,BH,0,1000,9
0,0.0,BY,0,1000,9
39,0.9487179487179487,RawP,37,1000,10
0,0.0,BH,0,1000,10
0,0.0,BY,0,1000,10
54,0.9629629629629629,RawP,52,1000,11
0,0.0,BH,0,1000,11
0,0.0,BY,0,1000,11
56,0.9642857142857143,RawP,54,1000,12
0,0.0,BH,0,1000,12
0,0.0,BY,0,1000,12
49,0.9591836734693877,RawP,47,1000,13
1,1.0,BH,1,1000,13
0,0.0,BY,0,1000,13
46,0.9565217391304348,RawP,44,1000,14
1,1.0,BH,1,1000,14
0,0.0,BY,0,1000,14
49,0.9591836734693877,RawP,47,1000,15
0,0.0,BH,0,1000,15
0,0.0,BY,0,1000,15
48,0.9583333333333334,RawP,46,1000,16
0,0.0,BH,0,1000,16
0,0.0,BY,0,1000,16
64,0.96875,RawP,62,1000,17
0,0.0,BH,0,1000,17
0,0.0,BY,0,1000,17
46,0.9565217391304348,RawP,44,1000,18
0,0.0,BH,0,1000,18
0,0.0,BY,0,1000,18
55,0.9636363636363636,RawP,53,1000,19
0,0.0,BH,0,1000,19
0,0.0,BY,0,1000,19
50,0.96,RawP,48,1000,20
0,0.0,BH,0,1000,20
0,0.0,BY,0,1000,20
57,0.9649122807017544,RawP,55,1000,21
0,0.0,BH,0,1000,21
0,0.0,BY,0,1000,21
51,0.9607843137254902,RawP,49,1000,22
0,0.0,BH,0,1000,22
0,0.0,BY,0,1000,22
62,0.967741935483871,RawP,60,1000,23
0,0.0,BH,0,1000,23
0,0.0,BY,0,1000,23
55,0.9636363636363636,RawP,53,1000,24
0,0.0,BH,0,1000,24
0,0.0,BY,0,1000,24
59,0.9661016949152542,RawP,57,1000,25
0,0.0,BH,0,1000,25
0,0.0,BY,0,1000,25
53,0.9622641509433962,RawP,51,1000,26
1,1.0,BH,1,1000,26
0,0.0,BY,0,1000,26
60,0.9666666666666667,RawP,58,1000,27
0,0.0,BH,0,1000,27
0,0.0,BY,0,1000,27
67,0.9701492537313433,RawP,65,1000,28
0,0.0,BH,0,1000,28
0,0.0,BY,0,1000,28
48,0.9583333333333334,RawP,46,1000,29
0,0.0,BH,0,1000,29
0,0.0,BY,0,1000,29
49,0.9591836734693877,RawP,47,1000,30
0,0.0,BH,0,1000,30
0,0.0,BY,0,1000,30
46,0.9565217391304348,RawP,44,1000,31
0,0.0,BH,0,1000,31
0,0.0,BY,0,1000,31
46,0.9565217391304348,RawP,44,1000,32
0,0.0,BH,0,1000,32
0,0.0,BY,0,1000,32
60,0.9666666666666667,RawP,58,1000,33
0,0.0,BH,0,1000,33
0,0.0,BY,0,1000,33
47,0.9574468085106383,RawP,45,1000,34
0,0.0,BH,0,1000,34
0,0.0,BY,0,1000,34
49,0.9591836734693877,RawP,47,1000,35
0,0.0,BH,0,1000,35
0,0.0,BY,0,1000,35
49,0.9591836734693877,RawP,47,1000,36
1,1.0,BH,1,1000,36
0,0.0,BY,0,1000,36
42,0.9523809523809523,RawP,40,1000,37
1,1.0,BH,1,1000,37
0,0.0,BY,0,1000,37
54,0.9629629629629629,RawP,52,1000,38
0,0.0,BH,0,1000,38
0,0.0,BY,0,1000,38
47,0.9574468085106383,RawP,45,1000,39
0,0.0,BH,0,1000,39
0,0.0,BY,0,1000,39
37,0.9459459459459459,RawP,35,1000,40
0,0.0,BH,0,1000,40
0,0.0,BY,0,1000,40
59,0.9661016949152542,RawP,57,1000,41
0,0.0,BH,0,1000,41
0,0.0,BY,0,1000,41
46,0.9565217391304348,RawP,44,1000,42
0,0.0,BH,0,1000,42
0,0.0,BY,0,1000,42
61,0.9672131147540983,RawP,59,1000,43
0,0.0,BH,0,1000,43
0,0.0,BY,0,1000,43
66,0.9696969696969697,RawP,64,1000,44
0,0.0,BH,0,1000,44
0,0.0,BY,0,1000,44
49,0.9591836734693877,RawP,47,1000,45
0,0.0,BH,0,1000,45
0,0.0,BY,0,1000,45
50,0.96,RawP,48,1000,46
0,0.0,BH,0,1000,46
0,0.0,BY,0,1000,46
46,0.9565217391304348,RawP,44,1000,47
0,0.0,BH,0,1000,47
0,0.0,BY,0,1000,47
51,0.9607843137254902,RawP,49,1000,48
0,0.0,BH,0,1000,48
0,0.0,BY,0,1000,48
54,0.9629629629629629,RawP,52,1000,49
0,0.0,BH,0,1000,49
0,0.0,BY,0,1000,49
53,0.9622641509433962,RawP,51,1000,50
0,0.0,BH,0,1000,50
0,0.0,BY,0,1000,50
56,0.9642857142857143,RawP,54,1000,51
0,0.0,BH,0,1000,51
0,0.0,BY,0,1000,51
49,0.9591836734693877,RawP,47,1000,52
0,0.0,BH,0,1000,52
0,0.0,BY,0,1000,52
45,0.9555555555555556,RawP,43,1000,53
0,0.0,BH,0,1000,53
0,0.0,BY,0,1000,53
55,0.9636363636363636,RawP,53,1000,54
0,0.0,BH,0,1000,54
0,0.0,BY,0,1000,54
53,0.9622641509433962,RawP,51,1000,55
0,0.0,BH,0,1000,55
0,0.0,BY,0,1000,55
44,0.9545454545454546,RawP,42,1000,56
0,0.0,BH,0,1000,56
0,0.0,BY,0,1000,56
59,0.9661016949152542,RawP,57,1000,57
0,0.0,BH,0,1000,57
0,0.0,BY,0,1000,57
41,0.9512195121951219,RawP,39,1000,58
0,0.0,BH,0,1000,58
0,0.0,BY,0,1000,58
57,0.9649122807017544,RawP,55,1000,59
0,0.0,BH,0,1000,59
0,0.0,BY,0,1000,59
51,0.9607843137254902,RawP,49,1000,60
0,0.0,BH,0,1000,60
0,0.0,BY,0,1000,60
49,0.9591836734693877,RawP,47,1000,61
0,0.0,BH,0,1000,61
0,0.0,BY,0,1000,61
46,0.9565217391304348,RawP,44,1000,62
0,0.0,BH,0,1000,62
0,0.0,BY,0,1000,62
49,0.9591836734693877,RawP,47,1000,63
0,0.0,BH,0,1000,63
0,0.0,BY,0,1000,63
56,0.9642857142857143,RawP,54,1000,64
0,0.0,BH,0,1000,64
0,0.0,BY,0,1000,64
55,0.9636363636363636,RawP,53,1000,65
0,0.0,BH,0,1000,65
0,0.0,BY,0,1000,65
52,0.9615384615384616,RawP,50,1000,66
0,0.0,BH,0,1000,66
0,0.0,BY,0,1000,66
63,0.9682539682539683,RawP,61,1000,67
0,0.0,BH,0,1000,67
0,0.0,BY,0,1000,67
48,0.9583333333333334,RawP,46,1000,68
0,0.0,BH,0,1000,68
0,0.0,BY,0,1000,68
51,0.9607843137254902,RawP,49,1000,69
0,0.0,BH,0,1000,69
0,0.0,BY,0,1000,69
43,0.9534883720930233,RawP,41,1000,70
0,0.0,BH,0,1000,70
0,0.0,BY,0,1000,70
50,0.96,RawP,48,1000,71
1,1.0,BH,1,1000,71
0,0.0,BY,0,1000,71
59,0.9661016949152542,RawP,57,1000,72
0,0.0,BH,0,1000,72
0,0.0,BY,0,1000,72
50,0.96,RawP,48,1000,73
0,0.0,BH,0,1000,73
0,0.0,BY,0,1000,73
56,0.9642857142857143,RawP,54,1000,74
0,0.0,BH,0,1000,74
0,0.0,BY,0,1000,74
42,0.9523809523809523,RawP,40,1000,75
0,0.0,BH,0,1000,75
0,0.0,BY,0,1000,75
57,0.9649122807017544,RawP,55,1000,76
0,0.0,BH,0,1000,76
0,0.0,BY,0,1000,76
48,0.9583333333333334,RawP,46,1000,77
0,0.0,BH,0,1000,77
0,0.0,BY,0,1000,77
44,0.9545454545454546,RawP,42,1000,78
0,0.0,BH,0,1000,78
0,0.0,BY,0,1000,78
46,0.9565217391304348,RawP,44,1000,79
0,0.0,BH,0,1000,79
0,0.0,BY,0,1000,79
57,0.9649122807017544,RawP,55,1000,80
0,0.0,BH,0,1000,80
0,0.0,BY,0,1000,80
43,0.9534883720930233,RawP,41,1000,81
0,0.0,BH,0,1000,81
0,0.0,BY,0,1000,81
53,0.9622641509433962,RawP,51,1000,82
0,0.0,BH,0,1000,82
0,0.0,BY,0,1000,82
59,0.9661016949152542,RawP,57,1000,83
0,0.0,BH,0,1000,83
0,0.0,BY,0,1000,83
42,0.9523809523809523,RawP,40,1000,84
0,0.0,BH,0,1000,84
0,0.0,BY,0,1000,84
52,0.9615384615384616,RawP,50,1000,85
0,0.0,BH,0,1000,85
0,0.0,BY,0,1000,85
38,0.9473684210526315,RawP,36,1000,86
0,0.0,BH,0,1000,86
0,0.0,BY,0,1000,86
44,0.9545454545454546,RawP,42,1000,87
0,0.0,BH,0,1000,87
0,0.0,BY,0,1000,87
62,0.967741935483871,RawP,60,1000,88
0,0.0,BH,0,1000,88
0,0.0,BY,0,1000,88
60,0.9666666666666667,RawP,58,1000,89
0,0.0,BH,0,1000,89
0,0.0,BY,0,1000,89
42,0.9523809523809523,RawP,40,1000,90
0,0.0,BH,0,1000,90
0,0.0,BY,0,1000,90
49,0.9591836734693877,RawP,47,1000,91
0,0.0,BH,0,1000,91
0,0.0,BY,0,1000,91
55,0.9636363636363636,RawP,53,1000,92
0,0.0,BH,0,1000,92
0,0.0,BY,0,1000,92
55,0.9636363636363636,RawP,53,1000,93
0,0.0,BH,0,1000,93
0,0.0,BY,0,1000,93
47,0.9574468085106383,RawP,45,1000,94
0,0.0,BH,0,1000,94
0,0.0,BY,0,1000,94
49,0.9591836734693877,RawP,47,1000,95
0,0.0,BH,0,1000,95
0,0.0,BY,0,1000,95
44,0.9545454545454546,RawP,42,1000,96
0,0.0,BH,0,1000,96
0,0.0,BY,0,1000,96
44,0.9545454545454546,RawP,42,1000,97
0,0.0,BH,0,1000,97
0,0.0,BY,0,1000,97
51,0.9607843137254902,RawP,49,1000,98
0,0.0,BH,0,1000,98
0,0.0,BY,0,1000,98
47,0.9574468085106383,RawP,45,1000,99
0,0.0,BH,0,1000,99
0,0.0,BY,0,1000,99
51,0.9607843137254902,RawP,49,1000,100
0,0.0,BH,0,1000,100
0,0.0,BY,0,1000,100
42,0.9523809523809523,RawP,40,1000,101
0,0.0,BH,0,1000,101
0,0.0,BY,0,1000,101
55,0.9636363636363636,RawP,53,1000,102
0,0.0,BH,0,1000,102
0,0.0,BY,0,1000,102
55,0.9636363636363636,RawP,53,1000,103
0,0.0,BH,0,1000,103
0,0.0,BY,0,1000,103
52,0.9615384615384616,RawP,50,1000,104
0,0.0,BH,0,1000,104
0,0.0,BY,0,1000,104
61,0.9672131147540983,RawP,59,1000,105
0,0.0,BH,0,1000,105
0,0.0,BY,0,1000,105
45,0.9555555555555556,RawP,43,1000,106
0,0.0,BH,0,1000,106
0,0.0,BY,0,1000,106
44,0.9545454545454546,RawP,42,1000,107
0,0.0,BH,0,1000,107
0,0.0,BY,0,1000,107
50,0.96,RawP,48,1000,108
0,0.0,BH,0,1000,108
0,0.0,BY,0,1000,108
51,0.9607843137254902,RawP,49,1000,109
0,0.0,BH,0,1000,109
0,0.0,BY,0,1000,109
55,0.9636363636363636,RawP,53,1000,110
0,0.0,BH,0,1000,110
0,0.0,BY,0,1000,110
47,0.9574468085106383,RawP,45,1000,111
0,0.0,BH,0,1000,111
0,0.0,BY,0,1000,111
50,0.96,RawP,48,1000,112
0,0.0,BH,0,1000,112
0,0.0,BY,0,1000,112
50,0.96,RawP,48,1000,113
0,0.0,BH,0,1000,113
0,0.0,BY,0,1000,113
51,0.9607843137254902,RawP,49,1000,114
0,0.0,BH,0,1000,114
0,0.0,BY,0,1000,114
56,0.9642857142857143,RawP,54,1000,115
0,0.0,BH,0,1000,115
0,0.0,BY,0,1000,115
48,0.9583333333333334,RawP,46,1000,116
0,0.0,BH,0,1000,116
0,0.0,BY,0,1000,116
61,0.9672131147540983,RawP,59,1000,117
0,0.0,BH,0,1000,117
0,0.0,BY,0,1000,117
56,0.9642857142857143,RawP,54,1000,118
0,0.0,BH,0,1000,118
0,0.0,BY,0,1000,118
55,0.9636363636363636,RawP,53,1000,119
0,0.0,BH,0,1000,119
0,0.0,BY,0,1000,119
46,0.9565217391304348,RawP,44,1000,120
0,0.0,BH,0,1000,120
0,0.0,BY,0,1000,120
60,0.9666666666666667,RawP,58,1000,121
0,0.0,BH,0,1000,121
0,0.0,BY,0,1000,121
52,0.9615384615384616,RawP,50,1000,122
1,1.0,BH,1,1000,122
1,1.0,BY,1,1000,122
60,0.9666666666666667,RawP,58,1000,123
0,0.0,BH,0,1000,123
0,0.0,BY,0,1000,123
43,0.9534883720930233,RawP,41,1000,124
0,0.0,BH,0,1000,124
0,0.0,BY,0,1000,124
46,0.9565217391304348,RawP,44,1000,125
0,0.0,BH,0,1000,125
0,0.0,BY,0,1000,125
55,0.9636363636363636,RawP,53,1000,126
0,0.0,BH,0,1000,126
0,0.0,BY,0,1000,126
52,0.9615384615384616,RawP,50,1000,127
0,0.0,BH,0,1000,127
0,0.0,BY,0,1000,127
47,0.9574468085106383,RawP,45,1000,128
0,0.0,BH,0,1000,128
0,0.0,BY,0,1000,128
47,0.9574468085106383,RawP,45,1000,129
0,0.0,BH,0,1000,129
0,0.0,BY,0,1000,129
55,0.9636363636363636,RawP,53,1000,130
0,0.0,BH,0,1000,130
0,0.0,BY,0,1000,130
46,0.9565217391304348,RawP,44,1000,131
0,0.0,BH,0,1000,131
0,0.0,BY,0,1000,131
47,0.9574468085106383,RawP,45,1000,132
0,0.0,BH,0,1000,132
0,0.0,BY,0,1000,132
61,0.9672131147540983,RawP,59,1000,133
0,0.0,BH,0,1000,133
0,0.0,BY,0,1000,133
57,0.9649122807017544,RawP,55,1000,134
0,0.0,BH,0,1000,134
0,0.0,BY,0,1000,134
48,0.9583333333333334,RawP,46,1000,135
0,0.0,BH,0,1000,135
0,0.0,BY,0,1000,135
52,0.9615384615384616,RawP,50,1000,136
0,0.0,BH,0,1000,136
0,0.0,BY,0,1000,136
58,0.9655172413793104,RawP,56,1000,137
0,0.0,BH,0,1000,137
0,0.0,BY,0,1000,137
59,0.9661016949152542,RawP,57,1000,138
0,0.0,BH,0,1000,138
0,0.0,BY,0,1000,138
57,0.9649122807017544,RawP,55,1000,139
0,0.0,BH,0,1000,139
0,0.0,BY,0,1000,139
42,0.9523809523809523,RawP,40,1000,140
0,0.0,BH,0,1000,140
0,0.0,BY,0,1000,140
51,0.9607843137254902,RawP,49,1000,141
0,0.0,BH,0,1000,141
0,0.0,BY,0,1000,141
46,0.9565217391304348,RawP,44,1000,142
0,0.0,BH,0,1000,142
0,0.0,BY,0,1000,142
54,0.9629629629629629,RawP,52,1000,143
0,0.0,BH,0,1000,143
0,0.0,BY,0,1000,143
51,0.9607843137254902,RawP,49,1000,144
0,0.0,BH,0,1000,144
0,0.0,BY,0,1000,144
51,0.9607843137254902,RawP,49,1000,145
0,0.0,BH,0,1000,145
0,0.0,BY,0,1000,145
43,0.9534883720930233,RawP,41,1000,146
0,0.0,BH,0,1000,146
0,0.0,BY,0,1000,146
53,0.9622641509433962,RawP,51,1000,147
0,0.0,BH,0,1000,147
0,0.0,BY,0,1000,147
40,0.95,RawP,38,1000,148
0,0.0,BH,0,1000,148
0,0.0,BY,0,1000,148
49,0.9591836734693877,RawP,47,1000,149
0,0.0,BH,0,1000,149
0,0.0,BY,0,1000,149
58,0.9655172413793104,RawP,56,1000,150
0,0.0,BH,0,1000,150
0,0.0,BY,0,1000,150
59,0.9661016949152542,RawP,57,1000,151
0,0.0,BH,0,1000,151
0,0.0,BY,0,1000,151
49,0.9591836734693877,RawP,47,1000,152
0,0.0,BH,0,1000,152
0,0.0,BY,0,1000,152
50,0.96,RawP,48,1000,153
0,0.0,BH,0,1000,153
0,0.0,BY,0,1000,153
53,0.9622641509433962,RawP,51,1000,154
0,0.0,BH,0,1000,154
0,0.0,BY,0,1000,154
58,0.9655172413793104,RawP,56,1000,155
0,0.0,BH,0,1000,155
0,0.0,BY,0,1000,155
46,0.9565217391304348,RawP,44,1000,156
0,0.0,BH,0,1000,156
0,0.0,BY,0,1000,156
50,0.96,RawP,48,1000,157
0,0.0,BH,0,1000,157
0,0.0,BY,0,1000,157
57,0.9649122807017544,RawP,55,1000,158
0,0.0,BH,0,1000,158
0,0.0,BY,0,1000,158
54,0.9629629629629629,RawP,52,1000,159
0,0.0,BH,0,1000,159
0,0.0,BY,0,1000,159
48,0.9583333333333334,RawP,46,1000,160
0,0.0,BH,0,1000,160
0,0.0,BY,0,1000,160
64,0.96875,RawP,62,1000,161
0,0.0,BH,0,1000,161
0,0.0,BY,0,1000,161
64,0.96875,RawP,62,1000,162
0,0.0,BH,0,1000,162
0,0.0,BY,0,1000,162
43,0.9534883720930233,RawP,41,1000,163
0,0.0,BH,0,1000,163
0,0.0,BY,0,1000,163
39,0.9487179487179487,RawP,37,1000,164
0,0.0,BH,0,1000,164
0,0.0,BY,0,1000,164
51,0.9607843137254902,RawP,49,1000,165
0,0.0,BH,0,1000,165
0,0.0,BY,0,1000,165
76,0.9736842105263158,RawP,74,1000,166
0,0.0,BH,0,1000,166
0,0.0,BY,0,1000,166
49,0.9591836734693877,RawP,47,1000,167
0,0.0,BH,0,1000,167
0,0.0,BY,0,1000,167
48,0.9583333333333334,RawP,46,1000,168
0,0.0,BH,0,1000,168
0,0.0,BY,0,1000,168
56,0.9642857142857143,RawP,54,1000,169
0,0.0,BH,0,1000,169
0,0.0,BY,0,1000,169
55,0.9636363636363636,RawP,53,1000,170
0,0.0,BH,0,1000,170
0,0.0,BY,0,1000,170
44,0.9545454545454546,RawP,42,1000,171
0,0.0,BH,0,1000,171
0,0.0,BY,0,1000,171
42,0.9523809523809523,RawP,40,1000,172
0,0.0,BH,0,1000,172
0,0.0,BY,0,1000,172
62,0.967741935483871,RawP,60,1000,173
0,0.0,BH,0,1000,173
0,0.0,BY,0,1000,173
44,0.9545454545454546,RawP,42,1000,174
0,0.0,BH,0,1000,174
0,0.0,BY,0,1000,174
49,0.9591836734693877,RawP,47,1000,175
0,0.0,BH,0,1000,175
0,0.0,BY,0,1000,175
49,0.9591836734693877,RawP,47,1000,176
0,0.0,BH,0,1000,176
0,0.0,BY,0,1000,176
42,0.9523809523809523,RawP,40,1000,177
0,0.0,BH,0,1000,177
0,0.0,BY,0,1000,177
45,0.9555555555555556,RawP,43,1000,178
0,0.0,BH,0,1000,178
0,0.0,BY,0,1000,178
52,0.9615384615384616,RawP,50,1000,179
0,0.0,BH,0,1000,179
0,0.0,BY,0,1000,179
57,0.9649122807017544,RawP,55,1000,180
0,0.0,BH,0,1000,180
0,0.0,BY,0,1000,180
50,0.96,RawP,48,1000,181
0,0.0,BH,0,1000,181
0,0.0,BY,0,1000,181
40,0.95,RawP,38,1000,182
0,0.0,BH,0,1000,182
0,0.0,BY,0,1000,182
49,0.9591836734693877,RawP,47,1000,183
0,0.0,BH,0,1000,183
0,0.0,BY,0,1000,183
64,0.96875,RawP,62,1000,184
0,0.0,BH,0,1000,184
0,0.0,BY,0,1000,184
50,0.96,RawP,48,1000,185
0,0.0,BH,0,1000,185
0,0.0,BY,0,1000,185
61,0.9672131147540983,RawP,59,1000,186
0,0.0,BH,0,1000,186
0,0.0,BY,0,1000,186
45,0.9555555555555556,RawP,43,1000,187
0,0.0,BH,0,1000,187
0,0.0,BY,0,1000,187
60,0.9666666666666667,RawP,58,1000,188
0,0.0,BH,0,1000,188
0,0.0,BY,0,1000,188
47,0.9574468085106383,RawP,45,1000,189
0,0.0,BH,0,1000,189
0,0.0,BY,0,1000,189
50,0.96,RawP,48,1000,190
0,0.0,BH,0,1000,190
0,0.0,BY,0,1000,190
56,0.9642857142857143,RawP,54,1000,191
0,0.0,BH,0,1000,191
0,0.0,BY,0,1000,191
41,0.9512195121951219,RawP,39,1000,192
0,0.0,BH,0,1000,192
0,0.0,BY,0,1000,192
54,0.9629629629629629,RawP,52,1000,193
0,0.0,BH,0,1000,193
0,0.0,BY,0,1000,193
40,0.95,RawP,38,1000,194
0,0.0,BH,0,1000,194
0,0.0,BY,0,1000,194
47,0.9574468085106383,RawP,45,1000,195
0,0.0,BH,0,1000,195
0,0.0,BY,0,1000,195
39,0.9487179487179487,RawP,37,1000,196
1,1.0,BH,1,1000,196
0,0.0,BY,0,1000,196
49,0.9591836734693877,RawP,47,1000,197
0,0.0,BH,0,1000,197
0,0.0,BY,0,1000,197
52,0.9615384615384616,RawP,50,1000,198
1,1.0,BH,1,1000,198
0,0.0,BY,0,1000,198
57,0.9649122807017544,RawP,55,1000,199
0,0.0,BH,0,1000,199
0,0.0,BY,0,1000,199
