accepted,false_discovery_rate,method,precision,recall,seed,spurious_accept_rate
23.0,0.8695652173913043,LLMOnly,0.13043478260869565,1.0,0,1.0
15.0,0.8,DescriptiveStats,0.2,1.0,0,1.0
15.0,0.8,StatisticalFilter,0.2,1.0,0,1.0
9.0,0.6666666666666667,HeldoutVerifier,0.3333333333333333,1.0,0,0.0
9.0,0.6666666666666667,FullVerifier,0.3333333333333333,1.0,0,0.0
23.0,0.8695652173913043,LLMOnly,0.13043478260869565,1.0,1,1.0
15.0,0.8,DescriptiveStats,0.2,1.0,1,1.0
15.0,0.8,StatisticalFilter,0.2,1.0,1,1.0
9.0,0.6666666666666667,HeldoutVerifier,0.3333333333333333,1.0,1,0.0
9.0,0.6666666666666667,FullVerifier,0.3333333333333333,1.0,1,0.0
23.0,0.8695652173913043,LLMOnly,0.13043478260869565,1.0,2,1.0
15.0,0.8,DescriptiveStats,0.2,1.0,2,1.0
15.0,0.8,StatisticalFilter,0.2,1.0,2,1.0
9.0,0.6666666666666667,HeldoutVerifier,0.3333333333333333,1.0,2,0.0
9.0,0.6666666666666667,FullVerifier,0.3333333333333333,1.0,2,0.0
23.0,0.8695652173913043,LLMOnly,0.13043478260869565,1.0,3,1.0
16.0,0.8125,DescriptiveStats,0.1875,1.0,3,1.0
15.0,0.8,StatisticalFilter,0.2,1.0,3,1.0
9.0,0.6666666666666667,HeldoutVerifier,0.3333333333333333,1.0,3,0.0
9.0,0.6666666666666667,FullVerifier,0.3333333333333333,1.0,3,0.0
23.0,0.8695652173913043,LLMOnly,0.13043478260869565,1.0,4,1.0
15.0,0.8,DescriptiveStats,0.2,1.0,4,1.0
15.0,0.8,StatisticalFilter,0.2,1.0,4,1.0
9.0,0.6666666666666667,HeldoutVerifier,0.3333333333333333,1.0,4,0.0
9.0,0.6666666666666667,FullVerifier,0.3333333333333333,1.0,4,0.0
23.0,0.8695652173913043,LLMOnly,0.13043478260869565,1.0,5,1.0
15.0,0.8,DescriptiveStats,0.2,1.0,5,1.0
15.0,0.8,StatisticalFilter,0.2,1.0,5,1.0
9.0,0.6666666666666667,HeldoutVerifier,0.3333333333333333,1.0,5,0.0
9.0,0.6666666666666667,FullVerifier,0.3333333333333333,1.0,5,0.0
23.0,0.8695652173913043,LLMOnly,0.13043478260869565,1.0,6,1.0
15.0,0.8,DescriptiveStats,0.2,1.0,6,1.0
15.0,0.8,StatisticalFilter,0.2,1.0,6,1.0
9.0,0.6666666666666667,HeldoutVerifier,0.3333333333333333,1.0,6,0.0
9.0,0.6666666666666667,FullVerifier,0.3333333333333333,1.0,6,0.0
23.0,0.8695652173913043,LLMOnly,0.13043478260869565,1.0,7,1.0
15.0,0.8,DescriptiveStats,0.2,1.0,7,1.0
15.0,0.8,StatisticalFilter,0.2,1.0,7,1.0
9.0,0.6666666666666667,HeldoutVerifier,0.3333333333333333,1.0,7,0.0
9.0,0.6666666666666667,FullVerifier,0.3333333333333333,1.0,7,0.0
23.0,0.8695652173913043,LLMOnly,0.13043478260869565,1.0,8,1.0
15.0,0.8,DescriptiveStats,0.2,1.0,8,1.0
15.0,0.8,StatisticalFilter,0.2,1.0,8,1.0
9.0,0.6666666666666667,HeldoutVerifier,0.3333333333333333,1.0,8,0.0
9.0,0.6666666666666667,FullVerifier,0.3333333333333333,1.0,8,0.0
23.0,0.8695652173913043,LLMOnly,0.13043478260869565,1.0,9,1.0
15.0,0.8,DescriptiveStats,0.2,1.0,9,1.0
15.0,0.8,StatisticalFilter,0.2,1.0,9,1.0
9.0,0.6666666666666667,HeldoutVerifier,0.3333333333333333,1.0,9,0.0
9.0,0.6666666666666667,FullVerifier,0.3333333333333333,1.0,9,0.0
23.0,0.8695652173913043,LLMOnly,0.13043478260869565,1.0,10,1.0
15.0,0.8,DescriptiveStats,0.2,1.0,10,1.0
15.0,0.8,StatisticalFilter,0.2,1.0,10,1.0
9.0,0.6666666666666667,HeldoutVerifier,0.3333333333333333,1.0,10,0.0
9.0,0.6666666666666667,FullVerifier,0.3333333333333333,1.0,10,0.0
23.0,0.8695652173913043,LLMOnly,0.13043478260869565,1.0,11,1.0
15.0,0.8,DescriptiveStats,0.2,1.0,11,1.0
15.0,0.8,StatisticalFilter,0.2,1.0,11,1.0
9.0,0.6666666666666667,HeldoutVerifier,0.3333333333333333,1.0,11,0.0
9.0,0.6666666666666667,FullVerifier,0.3333333333333333,1.0,11,0.0
23.0,0.8695652173913043,LLMOnly,0.13043478260869565,1.0,12,1.0
15.0,0.8,DescriptiveStats,0.2,1.0,12,1.0
15.0,0.8,StatisticalFilter,0.2,1.0,12,1.0
9.0,0.6666666666666667,HeldoutVerifier,0.3333333333333333,1.0,12,0.0
9.0,0.6666666666666667,FullVerifier,0.3333333333333333,1.0,12,0.0
23.0,0.8695652173913043,LLMOnly,0.13043478260869565,1.0,13,1.0
16.0,0.8125,DescriptiveStats,0.1875,1.0,13,1.0
15.0,0.8,StatisticalFilter,0.2,1.0,13,1.0
9.0,0.6666666666666667,HeldoutVerifier,0.3333333333333333,1.0,13,0.0
9.0,0.6666666666666667,FullVerifier,0.3333333333333333,1.0,13,0.0
23.0,0.8695652173913043,LLMOnly,0.13043478260869565,1.0,14,1.0
15.0,0.8,DescriptiveStats,0.2,1.0,14,1.0
15.0,0.8,StatisticalFilter,0.2,1.0,14,1.0
9.0,0.6666666666666667,HeldoutVerifier,0.3333333333333333,1.0,14,0.0
9.0,0.6666666666666667,FullVerifier,0.3333333333333333,1.0,14,0.0
23.0,0.8695652173913043,LLMOnly,0.13043478260869565,1.0,15,1.0
16.0,0.8125,DescriptiveStats,0.1875,1.0,15,1.0
15.0,0.8,StatisticalFilter,0.2,1.0,15,1.0
9.0,0.6666666666666667,HeldoutVerifier,0.3333333333333333,1.0,15,0.0
9.0,0.6666666666666667,FullVerifier,0.3333333333333333,1.0,15,0.0
23.0,0.8695652173913043,LLMOnly,0.13043478260869565,1.0,16,1.0
15.0,0.8,DescriptiveStats,0.2,1.0,16,1.0
15.0,0.8,StatisticalFilter,0.2,1.0,16,1.0
9.0,0.6666666666666667,HeldoutVerifier,0.3333333333333333,1.0,16,0.0
9.0,0.6666666666666667,FullVerifier,0.3333333333333333,1.0,16,0.0
23.0,0.8695652173913043,LLMOnly,0.13043478260869565,1.0,17,1.0
15.0,0.8,DescriptiveStats,0.2,1.0,17,1.0
15.0,0.8,StatisticalFilter,0.2,1.0,17,1.0
9.0,0.6666666666666667,HeldoutVerifier,0.3333333333333333,1.0,17,0.0
9.0,0.6666666666666667,FullVerifier,0.3333333333333333,1.0,17,0.0
23.0,0.8695652173913043,LLMOnly,0.13043478260869565,1.0,18,1.0
15.0,0.8,DescriptiveStats,0.2,1.0,18,1.0
15.0,0.8,StatisticalFilter,0.2,1.0,18,1.0
9.0,0.6666666666666667,HeldoutVerifier,0.3333333333333333,1.0,18,0.0
9.0,0.6666666666666667,FullVerifier,0.3333333333333333,1.0,18,0.0
23.0,0.8695652173913043,LLMOnly,0.13043478260869565,1.0,19,1.0
15.0,0.8,DescriptiveStats,0.2,1.0,19,1.0
15.0,0.8,StatisticalFilter,0.2,1.0,19,1.0
9.0,0.6666666666666667,HeldoutVerifier,0.3333333333333333,1.0,19,0.0
9.0,0.6666666666666667,FullVerifier,0.3333333333333333,1.0,19,0.0
23.0,0.8695652173913043,LLMOnly,0.13043478260869565,1.0,20,1.0
15.0,0.8,DescriptiveStats,0.2,1.0,20,1.0
15.0,0.8,StatisticalFilter,0.2,1.0,20,1.0
9.0,0.6666666666666667,HeldoutVerifier,0.3333333333333333,1.0,20,0.0
9.0,0.6666666666666667,FullVerifier,0.3333333333333333,1.0,20,0.0
23.0,0.8695652173913043,LLMOnly,0.13043478260869565,1.0,21,1.0
15.0,0.8,DescriptiveStats,0.2,1.0,21,1.0
15.0,0.8,StatisticalFilter,0.2,1.0,21,1.0
9.0,0.6666666666666667,HeldoutVerifier,0.3333333333333333,1.0,21,0.0
9.0,0.6666666666666667,FullVerifier,0.3333333333333333,1.0,21,0.0
23.0,0.8695652173913043,LLMOnly,0.13043478260869565,1.0,22,1.0
19.0,0.8421052631578947,DescriptiveStats,0.15789473684210525,1.0,22,1.0
19.0,0.8421052631578947,StatisticalFilter,0.15789473684210525,1.0,22,1.0
9.0,0.6666666666666667,HeldoutVerifier,0.3333333333333333,1.0,22,0.0
9.0,0.6666666666666667,FullVerifier,0.3333333333333333,1.0,22,0.0
23.0,0.8695652173913043,LLMOnly,0.13043478260869565,1.0,23,1.0
15.0,0.8,DescriptiveStats,0.2,1.0,23,1.0
15.0,0.8,StatisticalFilter,0.2,1.0,23,1.0
9.0,0.6666666666666667,HeldoutVerifier,0.3333333333333333,1.0,23,0.0
9.0,0.6666666666666667,FullVerifier,0.3333333333333333,1.0,23,0.0
